StationID,StationName,Lat,Lon,NAVD88,MHHW,MHW,MTL,MSL,DTL,MLW,MLLW,Epoch,DatumPeriod,CtrlStation,Units
8720001,ST. MARYS RIVER HEADWATERS,30.7867,-81.84,1.356,0.651,0.605,0.175,0.267,0.165,-0.256,-0.322,1983-2001,12/01/1977 - 04/30/1978,"8720030 Fernandina Beach, FL",meters
8720004,"CRANDALL, ST. MARYS RIVER",30.7217,-81.6217,1.43,0.751,0.671,-0.066,-0.004,-0.055,-0.804,-0.862,1983-2001,02/01/1978 - 05/31/1978,"8720030 Fernandina Beach, FL",meters
8720006,LITTLE ST. MARYS RIVER,30.7317,-81.7267,1.756,0.641,0.583,-0.068,0.028,-0.062,-0.719,-0.765,1983-2001,02/01/1985 - 02/28/1985,"8720030 Fernandina Beach, FL",meters
8720007,ROSES BLUFF,30.7033,-81.5767,1.856,0.862,0.757,-0.186,-0.13,-0.162,-1.129,-1.185,1983-2001,02/01/1985 - 02/28/1985,"8720030 Fernandina Beach, FL",meters
8720023,"CHESTER, BELLS RIVER",30.6833,-81.5333,1.804,0.896,0.79,-0.165,-0.113,-0.144,-1.12,-1.184,1983-2001,02/01/1978 - 04/30/1978,"8720030 Fernandina Beach, FL",meters
8720030,Fernandina Beach,30.671356,-81.46584,1.683,0.834,0.727,-0.19,-0.161,-0.166,-1.108,-1.165,1983-2001,01/01/1983 - 12/31/1994 ; 01/01/1997 - 12/31/2001,,meters
8720051,"LANCEFORD CREEK, LOFTON",30.6433,-81.5233,1.263,0.89,0.776,-0.188,-0.153,-0.161,-1.152,-1.212,1983-2001,09/01/1978 - 12/31/1978,"8720030 Fernandina Beach, FL",meters
8720058,"KINGSLEY CREEK, SEABOARD R.R.",30.6317,-81.4767,1.622,0.843,0.736,-0.174,-0.147,-0.149,-1.085,-1.142,1983-2001,05/01/1978 - 06/30/1978,"8720030 Fernandina Beach, FL",meters
8720084,"BOGGY CREEK, UPPER NASSAU RIVER",30.5883,-81.6633,1.676,0.508,0.468,0.026,0.106,0.02,-0.416,-0.468,1983-2001,03/01/1978 - 07/31/1978,"8720220 Mayport (Ferry Depot), FL",meters
8720086,"AMELIA CITY, SOUTH AMELIA RIVER",30.5867,-81.4633,1.476,0.795,0.69,-0.131,-0.122,-0.104,-0.952,-1.003,1983-2001,01/01/1978 - 12/31/1978,"8720030 Fernandina Beach, FL",meters
8720093,HALFMOON ISLAND,30.5767,-81.6083,2.085,0.591,0.535,-0.099,-0.016,-0.102,-0.734,-0.795,1983-2001,07/01/1978 - 08/31/1978,"8720098 NASSAUVILLE, NASSAU RIVER EAST, FL",meters
8720097,"CUNO, LOFTON CREEK",30.5767,-81.5717,1.963,0.507,0.455,-0.082,-0.002,-0.087,-0.619,-0.68,1983-2001,03/01/1978 - 04/30/1978 ; 07/01/1978 - 07/31/1978,"8720030 Fernandina Beach, FL",meters
8720098,"NASSAUVILLE, NASSAU RIVER EAST",30.5683,-81.515,1.792,0.712,0.621,-0.103,-0.073,-0.086,-0.827,-0.884,1983-2001,01/01/1978 - 12/31/1978,"8720030 Fernandina Beach, FL",meters
8720119,"MINK CREEK ENT., NASSAU RIVER",30.5367,-81.5817,1.408,0.6,0.526,-0.122,-0.053,-0.116,-0.771,-0.833,1983-2001,10/01/1978 - 10/31/1978 ; 02/01/1979 - 02/28/1979,"8720098 NASSAUVILLE, NASSAU RIVER EAST, FL",meters
8720145,Edwards Creek,30.5017,-81.5417,1.045,0.634,0.567,-0.133,-0.061,-0.131,-0.833,-0.896,1983-2001,02/01/2008 - 01/31/2011,"8720030 Fernandina Beach, FL",meters
8720168,SIMPSON CREEK,30.465,-81.4317,1.74,0.723,0.618,-0.156,-0.139,-0.122,-0.93,-0.968,1983-2001,04/01/1978 - 08/31/1978,"8720220 Mayport (Ferry Depot), FL",meters
8720186,FORT GEORGE ISLAND,30.44,-81.4383,1.894,0.685,0.594,-0.134,-0.107,-0.111,-0.863,-0.906,1983-2001,04/01/1978 - 09/30/1978,"8720220 Mayport (Ferry Depot), FL",meters
8720189,CEDAR HEIGHTS,30.4367,-81.6417,1.53,0.398,0.353,-0.102,-0.089,-0.092,-0.557,-0.582,1983-2001,10/01/1977 - 01/31/1978,"8720220 Mayport (Ferry Depot), FL",meters
8720203,BLOUNT ISLAND BRIDGE,30.4133,-81.545,1.304,0.448,0.389,-0.14,-0.104,-0.124,-0.669,-0.697,1983-2001,09/01/1977 - 11/30/1977,"8720220 Mayport (Ferry Depot), FL",meters
8720211,"Mayport Naval Sta., St Johns River",30.4,-81.4133,0.014,0.612,0.522,-0.188,-0.173,-0.167,-0.9,-0.947,1983-2001,11/01/2003 - 10/31/2004,"8720218 Mayport (Bar Pilots Dock), FL",meters
8720213,"TROUT R., SHERWOOD FOREST",30.42,-81.7283,1.725,0.38,0.337,-0.061,-0.068,-0.054,-0.46,-0.488,1983-2001,09/01/1978 - 12/31/1978,"8720220 Mayport (Ferry Depot), FL",meters
8720214,Degaussing Structure,30.3967,-81.395,0.02,0.644,0.544,-0.187,-0.187,-0.162,-0.92,-0.969,1983-2001,05/01/1998 - 10/31/1998,"8720220 Mayport (Ferry Depot), FL",meters
8720215,Navy Fuel Depot,30.4,-81.6267,2.083,0.336,0.296,-0.099,-0.098,-0.091,-0.495,-0.518,1983-2001,09/01/1977 - 12/31/1977,"8720220 Mayport (Ferry Depot), FL",meters
8720216,"RIBAULT RIVER, LAKE FOREST",30.3983,-81.6983,2.006,0.386,0.355,-0.042,-0.051,-0.039,-0.439,-0.464,1983-2001,06/01/1978 - 07/31/1978,"8720220 Mayport (Ferry Depot), FL",meters
8720217,MONCRIEF CREEK ENTRANCE,30.3917,-81.6617,2.015,0.317,0.278,-0.104,-0.109,-0.097,-0.487,-0.512,1983-2001,10/01/1977 - 11/30/1977,"8720220 Mayport (Ferry Depot), FL",meters
8720218,Mayport (Bar Pilots Dock),30.398167,-81.42789,3.678,0.6,0.518,-0.173,-0.159,-0.155,-0.864,-0.911,1983-2001,01/01/2001 - 12/31/2010 ; 01/01/2012 - 12/31/2014 ; 01/01/2016 - 12/31/2018,"8720030 Fernandina Beach, FL",meters
8720219,Dames Point,30.3867,-81.5583,1.848,0.431,0.382,-0.134,-0.116,-0.126,-0.65,-0.683,1983-2001,01/01/2014 - 12/31/2014 ; 01/01/2016 - 12/31/2017,"8720218 Mayport (Bar Pilots Dock), FL",meters
8720220,Mayport (Ferry Depot),30.3933,-81.4317,1.466,0.566,0.485,-0.194,-0.181,-0.175,-0.873,-0.917,1983-2001,01/01/1983 - 11/30/2000,,meters
8720221,"FULTON, ST. JOHNS RIVER",30.39,-81.5067,2.091,0.474,0.412,-0.139,-0.131,-0.123,-0.689,-0.719,1983-2001,10/01/1977 - 02/28/1978,"8720220 Mayport (Ferry Depot), FL",meters
8720225,PHOENIX PARK,30.3833,-81.6367,1.914,0.332,0.292,-0.09,-0.093,-0.082,-0.472,-0.496,1983-2001,09/01/1977 - 01/31/1978,"8720220 Mayport (Ferry Depot), FL",meters
8720226,"Southbank Riverwalk, St Johns River",30.32,-81.6583,-0.002,0.198,0.178,-0.094,-0.073,-0.099,-0.368,-0.397,1983-2001,04/01/2002 - 03/31/2005 ; 02/01/2015 - 01/31/2017,"8720218 Mayport (Bar Pilots Dock), FL",meters
8720232,PABLO CREEK ENTRANCE,30.3767,-81.4483,2.112,0.517,0.437,-0.148,-0.123,-0.123,-0.733,-0.763,1983-2001,09/01/1977 - 09/30/1977,"8720220 Mayport (Ferry Depot), FL",meters
8720242,Long Branch,30.36,-81.62,1.459,0.325,0.296,-0.087,-0.085,-0.089,-0.47,-0.503,1983-2001,03/01/2002 - 02/28/2003,"8720218 Mayport (Bar Pilots Dock), FL",meters
8720267,PABLO CREEK,30.3233,-81.4383,1.955,0.454,0.392,-0.182,-0.131,-0.173,-0.757,-0.801,1983-2001,09/01/1977 - 12/31/1977,"8720220 Mayport (Ferry Depot), FL",meters
8720274,LITTLE POTTSBURG CREEK,30.31,-81.61,1.657,0.303,0.271,-0.037,-0.043,-0.033,-0.346,-0.37,1983-2001,07/01/1978 - 11/30/1978,"8720220 Mayport (Ferry Depot), FL",meters
8720291,Jacksonville Beach,30.2833,-81.3867,2.853,0.755,0.64,-0.133,-0.18,-0.101,-0.906,-0.956,1983-2001,05/01/1974 - 04/30/1975,"8720030 Fernandina Beach, FL",meters
8720296,ORTEGA RIVER ENTRANCE,30.2783,-81.705,2.194,0.19,0.161,-0.005,-0.019,0.0,-0.172,-0.19,1983-2001,08/01/1978 - 01/31/1979,"8720220 Mayport (Ferry Depot), FL",meters
8720305,OAK LANDING,30.2533,-81.43,1.669,0.508,0.442,-0.184,-0.064,-0.174,-0.81,-0.856,1983-2001,09/01/1978 - 09/30/1978,"8720220 Mayport (Ferry Depot), FL",meters
8720357,I-295 Buckman Bridge,30.192417,-81.68889,-0.002,0.119,0.104,-0.03,-0.034,-0.034,-0.164,-0.189,1983-2001,02/01/2004 - 01/31/2006 ; 07/01/2006 - 06/30/2007 ; 07/01/2008 - 06/30/2010 ; 11/01/2010 - 10/31/2013 ; 01/01/2014 - 12/31/2014 ; 01/01/2016 - 12/31/2016,"8720218 Mayport (Bar Pilots Dock), FL",meters
8720398,Palm Valley ICWW,30.1333,-81.3867,1.551,0.592,0.516,-0.194,-0.05,-0.184,-0.904,-0.96,1983-2001,09/01/1978 - 09/30/1978,"8720220 Mayport (Ferry Depot), FL",meters
8720406,"DOCTORS LAKE, PEORIA POINT",30.12,-81.7583,1.86,0.161,0.14,0.019,0.013,0.022,-0.103,-0.117,1983-2001,06/01/1978 - 10/31/1978,"8720496 GREEN COVE SPRINGS, ST. JOHNS R., FL",meters
8720434,BLACK CREEK,30.08,-81.7617,0.004,0.139,0.123,-0.017,-0.015,-0.018,-0.157,-0.176,1983-2001,05/01/2021 - 06/30/2021 ; 08/01/2021 - 10/31/2021,"8720357 I-295 Buckman Bridge, FL",meters
8720494,"TOLOMATO RIVER, ICWW",29.9944,-81.3295,-0.008,0.606,0.514,-0.133,-0.089,-0.119,-0.781,-0.845,1983-2001,04/01/2022 - 03/31/2023,"8720218 Mayport (Bar Pilots Dock), FL",meters
8720496,"GREEN COVE SPRINGS, ST. JOHNS R.",29.99,-81.6633,0.838,0.149,0.127,0.008,0.007,0.012,-0.112,-0.124,1983-2001,04/01/1978 - 03/31/1979,"8720220 Mayport (Ferry Depot), FL",meters
8720503,"Red Bay Point, St Johns River",29.981667,-81.63416,0.008,0.087,0.073,-0.058,-0.053,-0.066,-0.19,-0.219,1983-2001,11/01/2003 - 10/31/2005 ; 05/01/2014 - 04/30/2015,"8720357 I-295 Buckman Bridge, FL",meters
8720554,Vilano Beach ICWW,29.9167,-81.3,0.002,0.569,0.467,-0.179,-0.17,-0.155,-0.826,-0.88,1983-2001,10/01/2003 - 07/31/2004,"8720218 Mayport (Bar Pilots Dock), FL",meters
8720576,ST.  AUGUSTINE,29.8917,-81.31,1.434,0.624,0.521,-0.162,-0.155,-0.135,-0.844,-0.895,1983-2001,01/01/1977 - 12/31/1978,"8720220 Mayport (Ferry Depot), FL",meters
8720582,"State Road 312, Matanzas River",29.8667,-81.3067,-0.002,0.607,0.506,-0.146,-0.131,-0.124,-0.799,-0.857,1983-2001,10/01/2003 - 09/30/2004,"8720218 Mayport (Bar Pilots Dock), FL",meters
8720587,St. Augustine Beach,29.8567,-81.2633,1.872,0.613,0.498,-0.204,-0.214,-0.171,-0.907,-0.956,1983-2001,06/01/1992 - 05/31/2000,"8720220 Mayport (Ferry Depot), FL",meters
8720596,"EAST TOCOI, ST. JOHNS RIVER",29.8583,-81.5533,1.495,0.182,0.159,0.015,0.014,0.02,-0.13,-0.143,1983-2001,09/01/1978 - 11/30/1978,"8720496 GREEN COVE SPRINGS, ST. JOHNS R., FL",meters
8720623,ANASTASIA ISLAND,29.7933,-81.2717,1.46,0.659,0.561,-0.13,-0.111,-0.108,-0.821,-0.875,1983-2001,10/01/1978 - 10/31/1978,"8720220 Mayport (Ferry Depot), FL",meters
8720625,"Racy Point, St Johns River",29.8017,-81.5483,-0.002,0.196,0.178,0.005,0.005,0.003,-0.167,-0.189,1983-2001,05/01/2014 - 04/30/2016 ; 04/01/2017 - 03/31/2019,"8720226 Southbank Riverwalk, St Johns River, FL",meters
8720651,"Crescent Beach, Matanzas River",29.7683,-81.2583,0.001,0.575,0.48,-0.139,-0.111,-0.119,-0.758,-0.814,1983-2001,01/01/2004 - 12/31/2004,"8720218 Mayport (Bar Pilots Dock), FL",meters
8720653,"PALMETTO BLUFF, ST. JOHNS RIVER",29.7633,-81.5617,1.251,0.173,0.146,-0.014,-0.019,-0.008,-0.174,-0.189,1983-2001,09/01/1978 - 03/31/1979,"8720496 GREEN COVE SPRINGS, ST. JOHNS R., FL",meters
8720686,FORT MATANZAS,29.715,-81.2383,1.627,0.519,0.424,-0.163,-0.14,-0.144,-0.751,-0.807,1983-2001,05/01/1974 - 04/30/1975,"8720220 Mayport (Ferry Depot), FL",meters
8720692,State Road A1A Bridge,29.70453,-81.22785,-0.001,0.56,0.464,-0.09,-0.101,-0.067,-0.645,-0.695,1983-2001,10/01/2003 - 10/31/2003,"8720218 Mayport (Bar Pilots Dock), FL",meters
8720757,"Bings Landing, Matanzas River",29.615,-81.205,0.0,0.201,0.157,-0.066,-0.05,-0.066,-0.29,-0.334,1983-2001,10/01/2003 - 09/30/2004,"8720218 Mayport (Bar Pilots Dock), FL",meters
8720767,"Buffalo Bluff, St Johns River",29.595,-81.6817,0.001,0.173,0.166,0.008,0.005,-0.001,-0.149,-0.173,1983-2001,10/01/2003 - 09/30/2004,"8720503 Red Bay Point, St Johns River, FL",meters
8720774,"Palatka, St Johns River",29.6433,-81.6317,0.0,0.19,0.179,-0.014,-0.014,-0.022,-0.208,-0.236,1983-2001,10/01/2003 - 09/30/2004,"8720503 Red Bay Point, St Johns River, FL",meters
8720793,Piney Bluff Landing,29.5583,-81.5733,0.006,0.075,0.066,0.028,0.024,0.029,-0.008,-0.017,1983-2001,01/01/2024 - 06/30/2024,"8720218 Mayport (Bar Pilots Dock), FL",meters
8720832,Welaka,29.4767,-81.675,-0.003,0.154,0.149,0.084,0.082,0.08,0.019,0.006,1983-2001,10/01/2003 - 03/31/2004,"8720503 Red Bay Point, St Johns River, FL",meters
8720833,"SMITH CREEK, FLAGLER BEACH",29.4783,-81.1367,2.289,0.091,0.05,-0.084,-0.078,-0.074,-0.217,-0.238,1983-2001,01/01/1979 - 03/31/1979,"8721120 DAYTONA BEACH SHORES, FL",meters
8720841,"Shell bluff, Crescent Lake",29.4917,-81.4883,0.0,,,,0.022,,,,1983-2001,07/01/2023 - 06/30/2024,"8720357 I-295 Buckman Bridge, FL",meters
8720954,"Ormond Beach, Halifax River",29.285,-81.0533,1.014,-0.031,-0.054,-0.144,-0.149,-0.145,-0.234,-0.259,1983-2001,11/01/1978 - 11/30/1978,"8721120 DAYTONA BEACH SHORES, FL",meters
8721120,DAYTONA BEACH SHORES,29.1467,-80.9633,1.601,0.477,0.364,-0.231,-0.242,-0.198,-0.826,-0.873,1983-2001,01/01/1978 - 12/31/1983,"8720030 Fernandina Beach, FL",meters
8721136,NORTH TURNBULL BAY,29.0833,-80.9667,1.137,0.07,0.015,-0.16,-0.166,-0.145,-0.335,-0.361,1983-2001,11/01/1978 - 04/30/1979,"8721120 DAYTONA BEACH SHORES, FL",meters
8721138,"HALIFAX RIVER, PONCE INLET",29.0817,-80.9367,1.581,0.281,0.199,-0.221,-0.226,-0.201,-0.64,-0.684,1983-2001,02/01/1974 - 01/31/1975,"8720030 Fernandina Beach, FL",meters
8721147,Ponce De Leon Inlet South,29.063334,-80.91583,-0.013,0.337,0.249,-0.203,-0.202,-0.182,-0.657,-0.701,1983-2001,03/01/2022 - 01/31/2023,"8721604 Trident Pier, Port Canaveral, FL",meters
8721164,New Smyrna Beach,29.0233,-80.9183,0.005,0.235,0.168,-0.201,-0.196,-0.189,-0.571,-0.614,1983-2001,04/01/1999 - 06/30/1999,"8721604 Trident Pier, Port Canaveral, FL",meters
8721191,"EDGEWATER, INDIAN RIVER",28.9883,-80.9,1.278,0.226,0.164,-0.139,-0.15,-0.117,-0.442,-0.46,1983-2001,03/01/1979 - 03/31/1979,"8720030 Fernandina Beach, FL",meters
8721222,PACKWOOD PLACE,28.94,-80.87,1.027,0.063,0.013,-0.149,-0.151,-0.127,-0.311,-0.318,1983-2001,02/01/1979 - 03/31/1979,"8721120 DAYTONA BEACH SHORES, FL",meters
8721223,TURTLE MOUND,28.9267,-80.825,1.124,-0.006,-0.037,-0.106,-0.121,-0.091,-0.175,-0.176,1983-2001,03/01/1979 - 03/31/1979,"8720030 Fernandina Beach, FL",meters
8721374,"ALLENHURST,HAULOVER CANAL",28.7333,-80.7567,0.959,,,,-0.173,,,,1983-2001,12/01/1982 - 04/30/1983,"8721456 TITUSVILLE, INDIAN RIVER, FL",meters
8721456,"TITUSVILLE, INDIAN RIVER",28.62,-80.8,1.436,,,,-0.214,,,,1983-2001,12/01/1979 - 11/30/1983,"8720220 Mayport (Ferry Depot), FL",meters
8721604,"Trident Pier, Port Canaveral",28.4158,-80.5931,6.348,0.336,0.229,-0.29,-0.288,-0.262,-0.809,-0.86,1983-2001,01/01/1997 - 12/31/2006 ; 09/01/2007 - 08/31/2011 ; 02/01/2013 - 01/31/2018,"8720030 Fernandina Beach, FL",meters
8721649,"COCOA BEACH, ATLANTIC OCEAN",28.3683,-80.6,4.831,0.355,0.247,-0.281,-0.281,-0.251,-0.808,-0.856,1983-2001,01/01/1995 - 12/31/1996,"8720587 St. Augustine Beach, FL",meters
8721749,"PINEDA, INDIAN RIVER",28.2117,-80.6633,1.049,,,,-0.224,,,,1983-2001,12/01/1979 - 02/29/1980,"8720220 Mayport (Ferry Depot), FL",meters
8721804,CANOVA,28.1383,-80.5783,1.13,0.319,0.192,-0.32,-0.315,-0.288,-0.833,-0.895,1983-2001,06/01/1970 - 08/31/1970,"8723170 Miami Beach, FL",meters
8721843,MELBOURNE CAUSEWAY,28.0833,-80.5917,-0.003,-0.189,-0.191,-0.227,-0.225,-0.232,-0.262,-0.275,1983-2001,01/01/2022 - 01/31/2023,"8721604 Trident Pier, Port Canaveral, FL",meters
8721994,"MICCO, INDIAN RIVER",27.8733,-80.4967,1.348,-0.201,-0.217,-0.258,-0.258,-0.261,-0.299,-0.321,1983-2001,04/01/1972 - 04/30/1972,"8722029 SEBASTIAN, INDIAN RIVER, FL",meters
8722004,SEBASTIAN INLET,27.86,-80.4483,1.321,-0.001,-0.059,-0.38,-0.368,-0.371,-0.701,-0.742,1983-2001,08/01/1969 - 07/31/1970,"8723170 Miami Beach, FL",meters
8722029,"SEBASTIAN, INDIAN RIVER",27.8117,-80.4633,1.333,-0.206,-0.228,-0.274,-0.274,-0.274,-0.321,-0.342,1983-2001,08/01/1969 - 07/31/1970 ; 09/01/1972 - 08/31/1973,"8723170 Miami Beach, FL",meters
8722059,"WABASSO,INDIAN RIVER",27.755,-80.425,1.037,-0.201,-0.219,-0.275,-0.279,-0.274,-0.332,-0.347,1983-2001,06/01/1972 - 08/31/1972,"8723170 Miami Beach, FL",meters
8722125,Vero Beach,27.6317,-80.3717,1.186,-0.137,-0.162,-0.276,-0.278,-0.273,-0.39,-0.409,1983-2001,04/01/1999 - 06/30/1999,"8720220 Mayport (Ferry Depot), FL",meters
8722208,North Beach Causeway,27.4717,-80.325,0.002,-0.017,-0.057,-0.286,-0.273,-0.29,-0.515,-0.563,1983-2001,05/01/1999 - 05/31/1999,"8721604 Trident Pier, Port Canaveral, FL",meters
8722212,"FORT PIERCE, SOUTH JETTY",27.47,-80.2883,1.762,0.084,0.018,-0.373,-0.359,-0.37,-0.763,-0.824,1983-2001,06/01/1972 - 11/30/1972,"8723170 Miami Beach, FL",meters
8722213,Binney Dock,27.4683,-80.3,1.222,0.01,-0.043,-0.351,-0.334,-0.35,-0.659,-0.71,1983-2001,04/01/1999 - 05/31/1999,"8721604 Trident Pier, Port Canaveral, FL",meters
8722219,South Beach Causeway,27.4567,-80.3233,0.012,-0.043,-0.087,-0.305,-0.296,-0.304,-0.523,-0.565,1983-2001,03/01/2000 - 03/31/2000,"8721604 Trident Pier, Port Canaveral, FL",meters
8722274,"ANKONA, INDIAN RIVER",27.355,-80.2733,-0.002,-0.018,-0.06,-0.264,-0.271,-0.264,-0.468,-0.509,1983-2001,09/01/2021 - 07/31/2022,"8720226 Southbank Riverwalk, St Johns River, FL",meters
8722329,Jensen Beach Causeway Park,27.2517,-80.2183,-0.008,-0.08,-0.127,-0.327,-0.331,-0.323,-0.526,-0.566,1983-2001,11/01/2021 - 08/31/2022,"8723214 Virginia Key, FL",meters
8722334,"NORTH FORK, ST. LUCIE RIVER",27.2433,-80.3133,0.717,-0.099,-0.131,-0.28,-0.274,-0.283,-0.429,-0.466,1983-2001,08/01/1972 - 12/31/1972,"8722371 SEWALL POINT. ST. LUCIE RIVER, FL",meters
8722357,"STUART, ST. LUCIE RIVER",27.2,-80.2583,1.254,-0.087,-0.12,-0.251,-0.248,-0.252,-0.382,-0.416,1983-2001,07/01/1969 - 06/30/1970,"8723170 Miami Beach, FL",meters
8722371,SEWALL POINT. ST. LUCIE RIVER,27.175,-80.1883,0.01,-0.09,-0.137,-0.344,-0.342,-0.344,-0.551,-0.598,1983-2001,11/01/2021 - 08/31/2022,"8723214 Virginia Key, FL",meters
8722375,"SOUTH POINT, ST LUCIE INLET",27.1583,-80.1567,0.001,-0.017,-0.07,-0.372,-0.361,-0.372,-0.675,-0.727,1983-2001,10/01/2021 - 09/30/2022,"8722670 Lake Worth Pier, Atlantic Ocean, FL",meters
8722383,PORT SALERNO,27.1517,-80.195,0.93,-0.144,-0.177,-0.311,-0.309,-0.312,-0.445,-0.481,1983-2001,08/01/1972 - 09/30/1972,"8723170 Miami Beach, FL",meters
8722404,"PECK LAKE, ST. LUCIE INLET",27.1133,-80.145,1.521,-0.085,-0.12,-0.313,-0.307,-0.315,-0.505,-0.545,1983-2001,10/01/1972 - 12/31/1972,"8722371 SEWALL POINT. ST. LUCIE RIVER, FL",meters
8722414,GOMEZ,27.0933,-80.1367,1.442,-0.053,-0.091,-0.289,-0.283,-0.291,-0.487,-0.529,1983-2001,04/01/1973 - 04/30/1973,"8722429 HOBE SOUND BRIDGE, HOBE SOUND, FL",meters
8722429,"HOBE SOUND BRIDGE, HOBE SOUND",27.065,-80.1233,1.313,-0.111,-0.148,-0.376,-0.374,-0.378,-0.605,-0.645,1983-2001,08/01/1969 - 07/31/1970,"8723170 Miami Beach, FL",meters
8722445,"HOBE SOUND, STATE PARK",27.0367,-80.1067,0.594,0.004,-0.039,-0.296,-0.293,-0.296,-0.553,-0.595,1983-2001,11/01/1972 - 12/31/1972,"8722371 SEWALL POINT. ST. LUCIE RIVER, FL",meters
8722472,NORTH LOXAHATCHEE RIVER,26.9867,-80.1417,0.908,0.051,-0.002,-0.314,-0.313,-0.315,-0.626,-0.681,1983-2001,12/01/1972 - 01/31/1973,"8723170 Miami Beach, FL",meters
8722478,"NORTH FORK, LOXAHATCHEE RIVER",26.975,-80.1133,0.884,0.045,-0.003,-0.293,-0.294,-0.293,-0.584,-0.631,1983-2001,12/01/1972 - 01/31/1973,"8722557 North Palm Beach, FL",meters
8722481,LOXAHATCHEE RIVER,26.97,-80.1267,0.774,-0.032,-0.077,-0.371,-0.372,-0.372,-0.665,-0.712,1983-2001,12/01/1972 - 01/31/1973,"8722557 North Palm Beach, FL",meters
8722486,"TEQUESTA, N.FORK,LOXAHATCHEE R.",26.96,-80.105,1.211,0.026,-0.026,-0.284,-0.291,-0.277,-0.542,-0.58,1983-2001,02/01/1969 - 02/28/1969,"8723170 Miami Beach, FL",meters
8722487,"TEQUESTA, NORTH",26.9517,-80.1017,1.578,0.041,-0.005,-0.273,-0.274,-0.269,-0.541,-0.579,1983-2001,02/01/1973 - 02/28/1973,"8723170 Miami Beach, FL",meters
8722491,"JUPITER SOUND, SOUTH END",26.9517,-80.08,1.468,0.056,0.005,-0.291,-0.289,-0.293,-0.588,-0.643,1983-2001,11/01/1972 - 12/31/1972,"8723170 Miami Beach, FL",meters
8722492,JUPITER WEST,26.9467,-80.09,1.172,0.009,-0.037,-0.336,-0.344,-0.336,-0.636,-0.681,1983-2001,02/01/1973 - 06/30/1973 ; 08/01/1973 - 10/31/1973,"8723170 Miami Beach, FL",meters
8722495,JUPITER INLET,26.9433,-80.0733,1.339,0.058,0.006,-0.358,-0.357,-0.361,-0.722,-0.78,1983-2001,03/01/1971 - 02/28/1973,"8723170 Miami Beach, FL",meters
8722496,LOXAHATCHEE RIVER LOCK,26.935,-80.1433,0.906,0.037,-0.008,-0.299,-0.299,-0.301,-0.59,-0.64,1983-2001,12/01/1972 - 01/31/1973,"8722557 North Palm Beach, FL",meters
8722512,LAKE WORTH CREEK,26.9117,-80.08,1.112,0.054,0.01,-0.304,-0.301,-0.305,-0.618,-0.664,1983-2001,03/01/1973 - 03/31/1973,"8722557 North Palm Beach, FL",meters
8722548,"PGA Boulevard Bridge, Palm Beach",26.8433,-80.0667,1.495,0.143,0.094,-0.308,-0.305,-0.306,-0.711,-0.755,1983-2001,02/01/2010 - 09/30/2010,"8723214 Virginia Key, FL",meters
8722557,North Palm Beach,26.8267,-80.055,1.031,0.168,0.108,-0.32,-0.314,-0.318,-0.748,-0.804,1983-2001,09/01/1970 - 08/31/1973,"8723170 Miami Beach, FL",meters
8722588,Port of West Palm Beach,26.77,-80.0517,8.323,0.17,0.115,-0.299,-0.295,-0.294,-0.712,-0.759,1983-2001,10/01/2008 - 09/30/2010,"8723214 Virginia Key, FL",meters
8722607,PALM BEACH,26.7333,-80.0417,1.373,0.131,0.071,-0.339,-0.335,-0.337,-0.749,-0.805,1983-2001,05/01/1970 - 04/30/1971,"8723170 Miami Beach, FL",meters
8722621,Palm Beach,26.705,-80.045,1.938,0.152,0.095,-0.296,-0.304,-0.291,-0.688,-0.735,1983-2001,01/01/1977 - 12/31/1986,"8724580 Key West, FL",meters
8722654,WEST PALM BEACH,26.645,-80.045,1.012,0.085,0.032,-0.343,-0.354,-0.342,-0.719,-0.769,1983-2001,01/01/1971 - 12/31/1971,"8723170 Miami Beach, FL",meters
8722670,"Lake Worth Pier, Atlantic Ocean",26.612778,-80.034164,9.905,0.17,0.113,-0.301,-0.295,-0.297,-0.716,-0.764,1983-2001,07/01/2010 - 06/30/2012 ; 01/01/2013 - 12/31/2016,"8721604 Trident Pier, Port Canaveral, FL",meters
8722746,DELRAY BEACH,26.4733,-80.0617,1.027,0.143,0.097,-0.281,-0.298,-0.279,-0.66,-0.702,1983-2001,04/01/1973 - 05/31/1973,"8723170 Miami Beach, FL",meters
8722761,SOUTH DELRAY BEACH,26.4467,-80.065,0.873,0.127,0.088,-0.273,-0.295,-0.277,-0.634,-0.681,1983-2001,04/01/1973 - 04/30/1973,"8723170 Miami Beach, FL",meters
8722784,YAMATO,26.4033,-80.07,1.286,0.146,0.109,-0.249,-0.267,-0.255,-0.607,-0.656,1983-2001,04/01/1973 - 04/30/1973,"8722706 BOYNTON BEACH, FL",meters
8722802,LAKE WYMAN,26.37,-80.07,1.394,0.021,-0.017,-0.343,-0.362,-0.347,-0.669,-0.715,1983-2001,04/01/1973 - 04/30/1973,"8723170 Miami Beach, FL",meters
8722832,DEERFIELD BEACH,26.3133,-80.0817,0.005,0.159,0.11,-0.255,-0.254,-0.254,-0.621,-0.669,1983-2001,12/01/2022 - 01/31/2023,"8723214 Virginia Key, FL",meters
8722859,HILLSBORO,26.26,-80.085,1.02,0.137,0.098,-0.268,-0.272,-0.271,-0.634,-0.679,1983-2001,05/01/1973 - 10/31/1973,"8723170 Miami Beach, FL",meters
8722861,"HILLSBORO INLET, INSIDE",26.2583,-80.0817,1.347,0.134,0.092,-0.287,-0.289,-0.29,-0.667,-0.715,1983-2001,05/01/1970 - 04/30/1971,"8723170 Miami Beach, FL",meters
8722862,HILLSBORO INLET OCEAN,26.2567,-80.08,1.364,0.116,0.076,-0.308,-0.309,-0.313,-0.691,-0.743,1983-2001,12/01/1970 - 07/31/1971,"8723170 Miami Beach, FL",meters
8722899,LAUDERDALE-BY-THE-SEA,26.1883,-80.0933,1.658,0.172,0.135,-0.258,-0.255,-0.264,-0.65,-0.701,1983-2001,02/01/1974 - 01/31/1975,"8723170 Miami Beach, FL",meters
8722937,"FT. LAUDERDALE, ANDREWS AVENUE BRIDGE",26.1183,-80.145,0.0,0.138,0.107,-0.204,-0.207,-0.208,-0.516,-0.556,1983-2001,08/01/2021 - 09/30/2021,"8723214 Virginia Key, FL",meters
8722939,FT. LAUDERDALE BAHIA YACHT CLUB,26.1133,-80.1083,1.281,0.111,0.076,-0.286,-0.286,-0.293,-0.648,-0.697,1983-2001,05/01/1970 - 04/30/1971,"8723170 Miami Beach, FL",meters
8722951,"PORT EVERGLADES, LAKE MABEL",26.0917,-80.1233,1.245,0.172,0.137,-0.249,-0.247,-0.256,-0.635,-0.684,1983-2001,10/01/1970 - 09/30/1973,"8723170 Miami Beach, FL",meters
8722956,South Port Everglades,26.081667,-80.11667,8.03,0.173,0.132,-0.249,-0.244,-0.251,-0.63,-0.676,1983-2001,02/01/2018 - 01/31/2019,"8722670 Lake Worth Pier, Atlantic Ocean, FL",meters
8722957,NORTH DANIA SOUND,26.08,-80.1117,0.86,0.148,0.112,-0.265,-0.264,-0.273,-0.641,-0.694,1983-2001,08/01/1973 - 08/31/1973,"8723170 Miami Beach, FL",meters
8722971,"WHISKEY CREEK, SOUTH ENTRANCE",26.055,-80.1133,1.359,0.127,0.1,-0.237,-0.242,-0.248,-0.574,-0.623,1983-2001,08/01/1973 - 08/31/1973,"8723170 Miami Beach, FL",meters
8722982,"WEST LAKE, SOUTH END",26.0333,-80.1233,1.405,0.042,0.018,-0.283,-0.281,-0.294,-0.584,-0.63,1983-2001,08/01/1973 - 08/31/1973,"8723170 Miami Beach, FL",meters
8723044,DUMFOUNDLING BAY,25.9417,-80.125,0.704,0.104,0.083,-0.225,-0.227,-0.236,-0.533,-0.576,1983-2001,08/01/1973 - 08/31/1973,"8723170 Miami Beach, FL",meters
8723050,NORTH MIAMI BEACH,25.93,-80.12,1.342,0.114,0.082,-0.297,-0.292,-0.307,-0.676,-0.727,1983-2001,05/01/1973 - 04/30/1974,"8723170 Miami Beach, FL",meters
8723073,HAULOVER INSIDE,25.9033,-80.125,1.311,0.081,0.061,-0.245,-0.259,-0.255,-0.552,-0.59,1983-2001,07/01/1974 - 06/30/1975,"8723170 Miami Beach, FL",meters
8723080,"HAULOVER PIER, N. MIAMI BEACH",25.9033,-80.12,1.662,0.131,0.11,-0.268,-0.264,-0.278,-0.645,-0.687,1983-2001,01/01/1982 - 12/31/1991,"8724580 Key West, FL",meters
8723089,"BISCAYNE CREEK, INTRACOASTAL WATERWAY",25.88,-80.1633,1.613,0.074,0.053,-0.275,-0.278,-0.285,-0.603,-0.644,1983-2001,05/01/1970 - 04/30/1971,"8723170 Miami Beach, FL",meters
8723165,"MIAMI, BISCAYNE BAY",25.7783,-80.185,1.543,0.08,0.06,-0.272,-0.272,-0.282,-0.603,-0.643,1983-2001,01/01/1985 - 12/31/1986,"8724580 Key West, FL",meters
8723170,Miami Beach,25.7683,-80.1317,1.481,0.102,0.077,-0.298,-0.293,-0.309,-0.672,-0.721,1983-2001,01/01/1970 - 12/31/1978,"8724580 Key West, FL",meters
8723214,Virginia Key,25.7314,-80.1618,3.703,0.069,0.047,-0.263,-0.272,-0.272,-0.574,-0.614,1983-2001,01/01/1994 - 12/31/2013 ; 02/01/2015 - 01/31/2016 ; 04/01/2016 - 03/31/2019,"8724580 Key West, FL",meters
8723289,"CUTLER, BISCAYNE BAY",25.615,-80.305,1.455,0.057,0.039,-0.256,-0.258,-0.267,-0.552,-0.592,1983-2001,01/01/1971 - 12/31/1971,"8723170 Miami Beach, FL",meters
8723423,"TURKEY POINT, BISCAYNE BAY",25.4367,-80.33,1.074,0.007,-0.011,-0.257,-0.265,-0.265,-0.503,-0.536,1983-2001,05/01/1970 - 04/30/1971,"8723170 Miami Beach, FL",meters
8723518,"WEDNESDAY POINT, KEY LARGO",25.31,-80.2983,1.282,-0.119,-0.13,-0.244,-0.252,-0.25,-0.358,-0.382,1983-2001,11/01/1971 - 02/29/1972,"8723170 Miami Beach, FL",meters
8723519,"OCEAN REEF HARBOR, KEY LARGO",25.3083,-80.2767,1.402,0.084,0.075,-0.275,-0.266,-0.302,-0.624,-0.688,1983-2001,02/01/1971 - 01/31/1972,"8723170 Miami Beach, FL",meters
8723534,CARD SOUND BRIDGE,25.2883,-80.37,1.369,-0.132,-0.145,-0.226,-0.226,-0.228,-0.307,-0.325,1983-2001,05/01/1970 - 04/30/1971,"8723170 Miami Beach, FL",meters
8723574,"MANATEE CREEK, BARNES SOUND",25.235,-80.435,1.41,,,,-0.296,,,,1983-2001,07/01/1970 - 06/30/1971,"8723170 Miami Beach, FL",meters
8723613,"JEWFISH CREEK, BARNES SOUND",25.1833,-80.39,0.007,,,,-0.224,,,,1983-2001,07/01/2021 - 07/31/2021 ; 09/01/2021 - 01/31/2022,"8723214 Virginia Key, FL",meters
8723688,ROCK HARBOR INSIDE,25.0817,-80.445,1.111,0.082,0.034,-0.288,-0.285,-0.299,-0.61,-0.68,1983-2001,02/01/1975 - 03/31/1975,"8724580 Key West, FL",meters
8723689,"POINT CHARLES, KEY LARGO",25.0817,-80.4467,1.2,0.078,0.049,-0.27,-0.265,-0.283,-0.588,-0.644,1983-2001,05/01/1975 - 07/31/1975,"8723747 TAVERNIER HAWK CHANNEL, FL",meters
8723691,"PT. CHARLES, GAGE 'C', KEY LARGO",25.0817,-80.45,1.099,0.08,0.052,-0.223,-0.249,-0.222,-0.498,-0.524,1983-2001,05/01/1975 - 07/31/1975,"8723747 TAVERNIER HAWK CHANNEL, FL",meters
8723693,"GAGE A, POINT CHARLES, KEY LARGO",25.0767,-80.455,1.223,0.084,0.054,-0.247,-0.246,-0.252,-0.548,-0.588,1983-2001,05/01/1975 - 07/31/1975,"8723747 TAVERNIER HAWK CHANNEL, FL",meters
8723747,TAVERNIER HAWK CHANNEL,25.005,-80.5167,1.375,0.078,0.043,-0.268,-0.262,-0.28,-0.58,-0.638,1983-2001,01/01/1971 - 12/31/1971,"8724580 Key West, FL",meters
8723769,"PLANTATION KEY, ATLANTIC SIDE",24.9733,-80.55,0.999,0.091,0.05,-0.276,-0.27,-0.285,-0.602,-0.661,1983-2001,07/01/1975 - 07/31/1975,"8723747 TAVERNIER HAWK CHANNEL, FL",meters
8723786,"USCG STA., ISLAMORADA, SNAKE CR",24.9533,-80.5867,1.211,-0.102,-0.131,-0.253,-0.253,-0.248,-0.375,-0.394,1983-2001,05/01/1975 - 05/31/1975,"8723852 LOWER MATECUMBE KEY, FLA. BAY, FL",meters
8723795,WHALE HARBOR MARINA,24.94,-80.6083,1.207,0.051,0.017,-0.217,-0.234,-0.206,-0.451,-0.463,1983-2001,05/01/1975 - 05/31/1975,"8724580 Key West, FL",meters
8723797,"ISLAMORADA, WHALE HARBOR CHANNEL",24.9383,-80.61,1.243,-0.031,-0.059,-0.262,-0.274,-0.262,-0.465,-0.493,1983-2001,12/01/1971 - 02/29/1972,"8724580 Key West, FL",meters
8723808,"UPPER MATECUMBE KEY,FLORIDA BAY",24.925,-80.6317,1.068,-0.127,-0.152,-0.226,-0.229,-0.221,-0.3,-0.315,1983-2001,03/01/1972 - 02/28/1973,"8724580 Key West, FL",meters
8723814,"UPPER MATECUMBE KEY,ATLAN. SIDE",24.915,-80.6317,1.134,0.08,0.039,-0.262,-0.255,-0.268,-0.563,-0.616,1983-2001,06/01/1975 - 06/30/1975,"8724580 Key West, FL",meters
8723851,LOWER MATECUMBE KEY HAWK CHANNEL,24.8683,-80.7033,1.268,0.048,0.004,-0.283,-0.276,-0.294,-0.57,-0.635,1983-2001,05/01/1971 - 04/30/1972,"8723170 Miami Beach, FL",meters
8723852,"LOWER MATECUMBE KEY, FLA. BAY",24.865,-80.7167,1.206,-0.097,-0.139,-0.254,-0.257,-0.246,-0.369,-0.396,1983-2001,01/01/1971 - 12/31/1971,"8724580 Key West, FL",meters
8723918,TOM'S HARBOR CHANNEL,24.7767,-80.9233,1.224,-0.144,-0.183,-0.257,-0.255,-0.266,-0.331,-0.388,1983-2001,02/01/1975 - 02/28/1975,"8724211 BIG PINE KEY VIADUCT, FL",meters
8723921,"GRASSY KEY NORTH SIDE, FLORIDA BAY",24.7717,-80.94,1.262,-0.034,-0.085,-0.215,-0.237,-0.228,-0.346,-0.422,1983-2001,01/01/1971 - 12/31/1971,"8724580 Key West, FL",meters
8723927,DUCK KEY,24.765,-80.9133,1.206,-0.014,-0.073,-0.277,-0.274,-0.267,-0.481,-0.521,1983-2001,01/01/1971 - 12/31/1971,"8724580 Key West, FL",meters
8723933,"GRASSY KEY, ATLANTIC SIDE",24.755,-80.9583,1.333,0.03,-0.03,-0.287,-0.274,-0.284,-0.544,-0.598,1983-2001,06/01/1975 - 06/30/1975,"8723747 TAVERNIER HAWK CHANNEL, FL",meters
8723949,FAT DEER KEY,24.7333,-81.0167,1.59,0.006,-0.052,-0.222,-0.245,-0.23,-0.392,-0.466,1983-2001,05/01/1975 - 05/31/1975,"8724580 Key West, FL",meters
8723950,"MARTHON SHORES KEY, VACA CUT",24.73,-81.03,1.724,-0.051,-0.112,-0.312,-0.304,-0.31,-0.513,-0.57,1983-2001,08/01/1975 - 09/30/1975,"8724580 Key West, FL",meters
8723962,Key Colony Beach,24.7183,-81.0167,1.675,0.008,-0.058,-0.311,-0.304,-0.308,-0.564,-0.624,1983-2001,04/01/1977 - 03/31/1989 ; 12/01/1989 - 11/30/1991 ; 04/01/1993 - 03/31/1995,"8724580 Key West, FL",meters
8723970,"Vaca Key, Florida Bay",24.711,-81.1065,1.182,-0.11,-0.142,-0.251,-0.251,-0.258,-0.36,-0.407,1983-2001,01/01/1983 - 12/31/1987 ; 01/01/1989 - 12/31/1991 ; 01/01/1994 - 12/31/2001,"8724580 Key West, FL",meters
8723971,BOOT KEY HARBOR,24.7033,-81.105,1.081,0.027,-0.043,-0.277,-0.272,-0.269,-0.512,-0.565,1983-2001,04/01/1975 - 05/31/1975,"8724580 Key West, FL",meters
8724008,KNIGHT KEY CHANNEL,24.7067,-81.125,2.057,-0.127,-0.199,-0.308,-0.304,-0.288,-0.417,-0.449,1983-2001,03/01/1975 - 03/31/1975,"8724580 Key West, FL",meters
8724032,PIGEON KEY ATLANTIC SIDE,24.7033,-81.155,0.77,-0.042,-0.119,-0.287,-0.281,-0.268,-0.455,-0.494,1983-2001,04/01/1975 - 04/30/1975,"8724138 BAHIA HONDA KEY, FL",meters
8724033,PIGEON KEY (INSIDE),24.705,-81.1567,1.283,-0.096,-0.175,-0.264,-0.251,-0.245,-0.353,-0.394,1983-2001,11/01/1973 - 12/31/1973,"8724211 BIG PINE KEY VIADUCT, FL",meters
8724093,LITTLE DUCK KEY,24.6817,-81.2283,0.989,-0.077,-0.148,-0.278,-0.279,-0.266,-0.408,-0.455,1983-2001,06/01/1974 - 06/30/1974,"8724211 BIG PINE KEY VIADUCT, FL",meters
8724099,MISSOURI-LITTLE DUCK CHANNEL,24.68,-81.235,1.25,-0.037,-0.099,-0.243,-0.222,-0.229,-0.387,-0.421,1983-2001,02/01/1975 - 02/28/1975,"8724138 BAHIA HONDA KEY, FL",meters
8724107,MISSOURI-OHIO CHANNEL,24.6733,-81.2433,1.221,-0.045,-0.117,-0.275,-0.269,-0.259,-0.433,-0.473,1983-2001,03/01/1975 - 03/31/1975,"8724138 BAHIA HONDA KEY, FL",meters
8724112,OHIO-BAHIA HONDA CHANNEL,24.67,-81.2517,1.664,-0.069,-0.14,-0.304,-0.303,-0.291,-0.468,-0.513,1983-2001,02/01/1975 - 02/28/1975,"8724580 Key West, FL",meters
8724138,BAHIA HONDA KEY,24.655,-81.2817,1.087,-0.042,-0.114,-0.29,-0.284,-0.277,-0.466,-0.512,1983-2001,02/01/1971 - 01/31/1972,"8724580 Key West, FL",meters
8724168,NO NAME KEY,24.6983,-81.3183,1.148,-0.073,-0.152,-0.256,-0.233,-0.246,-0.36,-0.418,1983-2001,12/01/1973 - 02/28/1974,"8724211 BIG PINE KEY VIADUCT, FL",meters
8724178,"SPANISH HARBOR VIADUCT, BIG PINE KEY",24.6483,-81.33,0.907,-0.016,-0.093,-0.252,-0.248,-0.229,-0.411,-0.442,1983-2001,06/01/1974 - 06/30/1974,"8724580 Key West, FL",meters
8724193,"BOGIE CHANNEL LANDING, BIG PINE KEY",24.6967,-81.3483,1.534,-0.037,-0.105,-0.226,-0.208,-0.22,-0.346,-0.403,1983-2001,10/01/1974 - 10/31/1974,"8724211 BIG PINE KEY VIADUCT, FL",meters
8724201,DOCTORS ARM,24.69,-81.3567,1.051,-0.021,-0.099,-0.218,-0.201,-0.203,-0.337,-0.385,1983-2001,10/01/1974 - 10/31/1974,"8724211 BIG PINE KEY VIADUCT, FL",meters
8724211,BIG PINE KEY VIADUCT,24.67,-81.3683,1.192,-0.043,-0.113,-0.234,-0.229,-0.21,-0.354,-0.377,1983-2001,01/01/1974 - 12/31/1974,"8724580 Key West, FL",meters
8724215,NEWFOUND HARBOR,24.6517,-81.375,1.099,-0.029,-0.101,-0.271,-0.272,-0.253,-0.441,-0.477,1983-2001,01/01/1975 - 01/31/1975,"8724138 BAHIA HONDA KEY, FL",meters
8724227,"BIG PINE KEY, WEST SIDE",24.69,-81.3833,1.295,-0.064,-0.129,-0.236,-0.219,-0.216,-0.342,-0.369,1983-2001,11/01/1973 - 02/28/1974,"8724211 BIG PINE KEY VIADUCT, FL",meters
8724231,BIG PINE KEY NORTH END,24.745,-81.395,1.143,0.041,-0.017,-0.216,-0.258,-0.219,-0.416,-0.479,1983-2001,10/01/1974 - 11/30/1974,"8724580 Key West, FL",meters
8724255,RAMROD KEY,24.66,-81.4233,0.718,-0.045,-0.12,-0.259,-0.258,-0.237,-0.398,-0.43,1983-2001,01/01/1974 - 02/28/1974,"8724580 Key West, FL",meters
8724264,"BIG TORCH KEY, WEST SIDE",24.705,-81.4333,1.481,-0.029,-0.111,-0.225,-0.204,-0.209,-0.339,-0.389,1983-2001,12/01/1973 - 02/28/1974,"8724211 BIG PINE KEY VIADUCT, FL",meters
8724266,SUMMERLAND KEY EAST,24.6517,-81.435,0.706,0.006,-0.069,-0.24,-0.239,-0.227,-0.411,-0.46,1983-2001,09/01/1974 - 09/30/1974,"8724580 Key West, FL",meters
8724276,"SUMMERLAND KEY, WEST SIDE",24.65,-81.4467,0.66,0.016,-0.074,-0.241,-0.247,-0.216,-0.408,-0.448,1983-2001,04/01/1975 - 04/30/1975,"8724138 BAHIA HONDA KEY, FL",meters
8724292,KEMP CHANNEL VIADUCT,24.6617,-81.4683,0.852,-0.072,-0.131,-0.249,-0.232,-0.236,-0.367,-0.4,1983-2001,01/01/1974 - 02/28/1974,"8724211 BIG PINE KEY VIADUCT, FL",meters
8724307,CONTENT KEY,24.79,-81.4833,0.911,0.209,0.136,-0.29,-0.286,-0.321,-0.715,-0.85,1983-2001,03/01/1974 - 02/28/1975,"8724580 Key West, FL",meters
8724313,CUDJOE BAY,24.66,-81.4917,1.274,0.022,-0.059,-0.235,-0.239,-0.219,-0.411,-0.46,1983-2001,10/01/1974 - 10/31/1974,"8724580 Key West, FL",meters
8724328,CUDJOE KEY NO. POINT,24.7,-81.505,0.999,0.206,0.135,-0.185,-0.204,-0.203,-0.506,-0.613,1983-2001,01/01/1971 - 12/31/1971,"8724580 Key West, FL",meters
8724332,CUDJOE KEY PIRATES COVE,24.6617,-81.515,1.179,0.057,-0.013,-0.163,-0.18,-0.157,-0.313,-0.37,1983-2001,01/01/1971 - 12/31/1971,"8724580 Key West, FL",meters
8724334,"TARPON CREEK, SUGARLOAF KEY",24.63,-81.5167,1.268,-0.112,-0.14,-0.209,-0.211,-0.207,-0.278,-0.302,1983-2001,04/01/1974 - 04/30/1974,"8724211 BIG PINE KEY VIADUCT, FL",meters
8724353,"PERKY LAKE, SUGERLOAF KEY",24.655,-81.54,0.484,-0.035,-0.073,-0.124,-0.126,-0.114,-0.176,-0.194,1983-2001,01/01/1974 - 02/28/1974,"8724580 Key West, FL",meters
8724405,SADDLEBUNCH CHANNEL NO. 3,24.6233,-81.6033,1.06,0.058,-0.022,-0.114,-0.133,-0.081,-0.206,-0.22,1983-2001,02/01/1975 - 02/28/1975,"8724211 BIG PINE KEY VIADUCT, FL",meters
8724417,SADDLEBUNCH CHANNEL NO. 4,24.615,-81.6167,1.379,0.068,-0.01,-0.123,-0.15,-0.095,-0.236,-0.258,1983-2001,05/01/1974 - 05/31/1974,"8724580 Key West, FL",meters
8724423,SADDLEBUNCH CHANNEL NO. 5,24.6117,-81.6233,1.48,0.096,0.014,-0.099,-0.095,-0.098,-0.212,-0.292,1983-2001,02/01/1975 - 02/28/1975,"8724580 Key West, FL",meters
8724489,BIG COPPITT KEY,24.6017,-81.655,1.559,0.127,0.035,-0.148,-0.188,-0.113,-0.331,-0.354,1983-2001,04/01/1974 - 05/31/1974,"8724580 Key West, FL",meters
8724493,BOCA CHICA MARINA,24.575,-81.7083,4.214,-0.057,-0.133,-0.26,-0.238,-0.247,-0.386,-0.438,1983-2001,03/01/2000 - 05/31/2000,"8724580 Key West, FL",meters
8724499,"BOCA CHICA, SOUTHWEST END",24.5633,-81.7133,1.234,-0.046,-0.129,-0.261,-0.254,-0.242,-0.393,-0.438,1983-2001,02/01/1971 - 01/31/1972,"8724580 Key West, FL",meters
8724503,STOCK ISLAND,24.5767,-81.7217,1.42,-0.05,-0.135,-0.241,-0.246,-0.222,-0.347,-0.394,1983-2001,04/01/1974 - 04/30/1974,"8724580 Key West, FL",meters
8724517,KEY HAVEN WEST,24.58,-81.7383,1.707,0.033,-0.049,-0.189,-0.185,-0.176,-0.329,-0.385,1983-2001,01/01/1975 - 01/31/1975,"8724580 Key West, FL",meters
8724527,COW KEY CHANNEL,24.57,-81.75,1.717,-0.007,-0.092,-0.217,-0.214,-0.201,-0.342,-0.395,1983-2001,02/01/1975 - 02/28/1975,"8724580 Key West, FL",meters
8724529,"RIVERIA CANAL, KEY WEST",24.565,-81.7517,1.301,-0.032,-0.119,-0.247,-0.238,-0.226,-0.375,-0.42,1983-2001,11/01/1974 - 12/31/1974,"8724211 BIG PINE KEY VIADUCT, FL",meters
8724542,"SIGSBEE PARK, GARRISON BIGHT CHANNEL",24.585,-81.775,1.594,0.014,-0.069,-0.223,-0.219,-0.213,-0.377,-0.44,1983-2001,09/01/1974 - 09/30/1974,"8724580 Key West, FL",meters
8724557,"KEY WEST, WHITE STREET PIER",24.545,-81.7833,1.185,0.036,-0.056,-0.271,-0.264,-0.258,-0.486,-0.552,1983-2001,09/01/1974 - 09/30/1974,"8724580 Key West, FL",meters
8724580,Key West,24.5557,-81.8079,1.928,0.013,-0.075,-0.27,-0.266,-0.263,-0.465,-0.538,1983-2001,01/01/1983 - 12/31/2001,,meters
8724919,CHOKOLOSKEE,25.8133,-81.3633,1.526,0.29,0.206,-0.18,-0.207,-0.194,-0.566,-0.678,1983-2001,08/01/1973 - 07/31/1979,"8725110 Naples, FL",meters
8724967,"MARCO ISLAND, CAXAMBAS PASS",25.9083,-81.7283,1.08,0.211,0.135,-0.202,-0.208,-0.255,-0.54,-0.721,1983-2001,02/01/1976 - 01/31/1979,"8725110 Naples, FL",meters
8724979,"BIG MARCO RIVER, U.S. 92",25.9333,-81.655,1.74,0.281,0.203,-0.186,-0.189,-0.229,-0.575,-0.74,1983-2001,03/01/1978 - 07/31/1978,"8724967 MARCO ISLAND, CAXAMBAS PASS, FL",meters
8724991,"MARCO, BIG MARCO RIVER",25.9717,-81.7283,1.097,0.197,0.13,-0.182,-0.192,-0.226,-0.494,-0.649,1983-2001,07/01/1989 - 07/31/1989,"8725110 Naples, FL",meters
8724996,MCILVAINE BAY,25.985,-81.7017,0.793,0.177,0.104,-0.188,-0.181,-0.221,-0.48,-0.618,1983-2001,08/01/1978 - 12/31/1978,"8725110 Naples, FL",meters
8725019,"KEEWAYDIN ISLAND, INSIDE",26.025,-81.7683,0.802,0.185,0.111,-0.178,-0.169,-0.213,-0.467,-0.61,1983-2001,05/01/1978 - 07/31/1978,"8725110 Naples, FL",meters
8725110,Naples,26.131666,-81.8075,1.343,0.184,0.107,-0.199,-0.188,-0.253,-0.506,-0.69,1983-2001,01/01/1983 - 12/31/1986 ; 01/01/1989 - 12/31/2001,,meters
8725114,"Naples Bay, North",26.1367,-81.7883,1.197,0.21,0.135,-0.166,-0.152,-0.21,-0.467,-0.63,1983-2001,08/01/1978 - 08/31/1978,"8725110 Naples, FL",meters
8725222,WATER TURKEY BAY,26.2767,-81.825,1.451,0.153,0.084,-0.159,-0.161,-0.187,-0.401,-0.527,1983-2001,04/01/1978 - 08/31/1978,"8725235 WIGGINS PASS, INSIDE, FL",meters
8725228,"COCOHATCHEE RIVER, U.S. 41",26.2817,-81.8017,1.509,0.151,0.078,-0.157,-0.151,-0.181,-0.392,-0.512,1983-2001,09/01/1978 - 11/30/1978,"8725235 WIGGINS PASS, INSIDE, FL",meters
8725235,"WIGGINS PASS, INSIDE",26.29,-81.8183,0.862,0.156,0.086,-0.156,-0.147,-0.188,-0.398,-0.532,1983-2001,12/01/1977 - 11/30/1978,"8725110 Naples, FL",meters
8725259,LITTLE HICKORY BAY,26.33,-81.8383,1.208,0.042,-0.007,-0.092,-0.096,-0.086,-0.178,-0.214,1983-2001,03/01/1978 - 08/31/1978,"8725235 WIGGINS PASS, INSIDE, FL",meters
8725269,IMPERIAL RIVER ENTRANCE,26.3367,-81.83,0.873,0.07,0.011,-0.083,-0.081,-0.07,-0.178,-0.21,1983-2001,04/01/1978 - 08/31/1978,"8725110 Naples, FL",meters
8725271,"IMPERIAL RIVER, HEADWATERS",26.3433,-81.78,1.204,0.079,0.022,-0.078,-0.082,-0.065,-0.177,-0.21,1983-2001,03/01/1978 - 07/31/1978,"8725110 Naples, FL",meters
8725272,FISH TRAP BAY,26.3367,-81.845,0.819,0.055,-0.008,-0.103,-0.104,-0.096,-0.198,-0.247,1983-2001,04/01/1978 - 05/31/1978,"8725110 Naples, FL",meters
8725283,"LITTLE HICKORY IS., ESTERO B.",26.3533,-81.855,-0.003,0.187,0.102,-0.157,-0.152,-0.182,-0.418,-0.552,1983-2001,05/01/2022 - 08/31/2022,"8725110 Naples, FL",meters
8725319,"COCONUT POINT, ESTERO BAY",26.4,-81.8433,1.133,0.222,0.141,-0.126,-0.115,-0.156,-0.393,-0.534,1983-2001,06/01/1973 - 06/30/1973,"8725110 Naples, FL",meters
8725325,"CARLOS POINT, ESTERO BAY",26.405,-81.885,1.885,0.159,0.078,-0.186,-0.193,-0.221,-0.45,-0.601,1983-2001,02/01/2020 - 07/31/2020,"8725110 Naples, FL",meters
8725351,"ESTERO ISLAND, ESTERO BAY",26.4383,-81.9183,1.345,0.127,0.044,-0.225,-0.217,-0.258,-0.494,-0.643,1983-2001,06/01/1973 - 06/30/1973,"8725110 Naples, FL",meters
8725383,CAPTIVA ISLAND (SO. END),26.4783,-82.1833,-0.002,0.144,0.063,-0.171,-0.17,-0.215,-0.406,-0.574,1983-2001,10/01/2023 - 12/31/2023,"8725110 Naples, FL",meters
8725391,"PUNTA RASSA, SAN CARLOS BAY",26.4883,-82.0133,-0.011,0.175,0.093,-0.168,-0.159,-0.205,-0.429,-0.587,1983-2001,07/01/2021 - 01/31/2022,"8725110 Naples, FL",meters
8725393,"ST. JAMES CITY,PINE ISLAND",26.4917,-82.0817,-0.012,0.152,0.067,-0.185,-0.176,-0.213,-0.438,-0.58,1983-2001,05/01/2022 - 08/31/2022,"8725110 Naples, FL",meters
8725451,"CAPE CORAL BR.,CALOOSAHATCHEE R.",26.5633,-81.9333,8.62,0.074,0.015,-0.109,-0.108,-0.1,-0.233,-0.274,1983-2001,01/01/2020 - 12/31/2020,"8725520 Fort Myers, FL",meters
8725506,MATLACHA PASS (SWING BR.),26.6317,-82.0683,-0.01,0.098,0.026,-0.163,-0.157,-0.18,-0.353,-0.458,1983-2001,07/01/2021 - 01/31/2022,"8725520 Fort Myers, FL",meters
8725520,Fort Myers,26.647778,-81.87111,1.647,0.083,0.017,-0.127,-0.125,-0.117,-0.271,-0.318,1983-2001,01/01/1983 - 12/31/1996 ; 01/01/1998 - 12/31/2001,,meters
8725528,"PINE ISLAND, CHARLOTTE HARBOR",26.66,-82.155,1.635,0.052,-0.029,-0.189,-0.193,-0.206,-0.349,-0.465,1983-2001,07/01/1977 - 07/31/1977 ; 11/01/1977 - 06/30/1978,"8725110 Naples, FL",meters
8725541,"BOKEELIA, CHARLOTTE HARBOR",26.7067,-82.1633,1.417,0.031,-0.014,-0.218,-0.214,-0.232,-0.423,-0.495,1983-2001,06/01/1989 - 07/31/1989,"8725520 Fort Myers, FL",meters
8725667,"PLACIDA, GASPARILLA SOUND",26.8333,-82.265,1.382,0.04,-0.031,-0.155,-0.15,-0.175,-0.28,-0.389,1983-2001,08/01/1977 - 12/31/1977,"8725744 Punta Gorda, FL",meters
8725685,CUTOFF SOUTH,26.855,-82.3033,1.167,0.069,-0.008,-0.147,-0.144,-0.158,-0.286,-0.385,1983-2001,03/01/1978 - 05/31/1978,"8725110 Naples, FL",meters
8725744,Punta Gorda,26.9283,-82.065,1.397,0.096,0.017,-0.174,-0.176,-0.203,-0.365,-0.502,1983-2001,07/01/1977 - 02/28/1978,"8725110 Naples, FL",meters
8725747,"ENGLEWOOD, LEMON BAY",26.9333,-82.3533,1.298,0.039,-0.041,-0.193,-0.195,-0.2,-0.346,-0.439,1983-2001,03/01/1976 - 02/28/1977,"8725110 Naples, FL",meters
8725769,"EL JOBEAN, MYAKKA RIVER",26.9617,-82.21,1.053,0.118,0.039,-0.159,-0.159,-0.187,-0.357,-0.491,1983-2001,08/01/1977 - 12/31/1977,"8725744 Punta Gorda, FL",meters
8725781,"SHELL CREEK, PEACE RIVER",26.98,-81.96,1.347,0.196,0.098,-0.125,-0.12,-0.138,-0.347,-0.472,1983-2001,04/01/1978 - 07/31/1978,"8725110 Naples, FL",meters
8725791,"HARBOUR HEIGHTS, PEACE RIVER",26.9883,-81.9933,1.371,0.15,0.072,-0.129,-0.129,-0.157,-0.33,-0.465,1983-2001,12/01/1977 - 03/31/1978,"8725110 Naples, FL",meters
8725809,MANASOTA,27.0117,-82.41,1.25,0.102,0.014,-0.147,-0.144,-0.154,-0.307,-0.41,1983-2001,11/01/1977 - 01/31/1978,"8725744 Punta Gorda, FL",meters
8725835,"LIVERRPOOL, PEACE RIVER",27.0433,-81.9867,1.512,0.181,0.092,-0.124,-0.116,-0.148,-0.341,-0.477,1983-2001,02/01/1978 - 05/31/1978,"8725110 Naples, FL",meters
8725837,"MYAKKA RIVER, US 41",27.045,-82.2933,1.59,0.139,0.058,-0.135,-0.129,-0.151,-0.329,-0.441,1983-2001,10/01/1977 - 12/31/1977,"8725744 Punta Gorda, FL",meters
8725858,VENICE,27.0717,-82.4533,0.808,0.174,0.092,-0.146,-0.14,-0.162,-0.384,-0.497,1983-2001,06/01/1990 - 09/30/1990,"8725110 Naples, FL",meters
8725899,"NOKOMIS, VENICE INLET",27.123306,-82.47,0.011,0.14,0.071,-0.132,-0.129,-0.143,-0.337,-0.428,1983-2001,10/01/2022 - 09/30/2023,"8726384 Port Manatee, FL",meters
8725902,SHAKETT CREEK,27.1267,-82.4467,1.108,0.139,0.055,-0.13,-0.12,-0.128,-0.316,-0.396,1983-2001,07/01/1977 - 08/31/1977 ; 11/01/1977 - 12/31/1977,"8726520 St. Petersburg, FL",meters
8725916,CASEY KEY,27.1533,-82.4833,1.366,0.152,0.06,-0.132,-0.126,-0.128,-0.325,-0.408,1983-2001,10/01/1977 - 12/31/1977,"8726520 St. Petersburg, FL",meters
8725943,BLACKBURN POINT,27.1783,-82.495,1.221,0.034,-0.056,-0.211,-0.217,-0.224,-0.366,-0.482,1983-2001,07/01/1977 - 07/31/1977 ; 09/01/1977 - 10/31/1977,"8725110 Naples, FL",meters
8725985,SIESTA KEY,27.2217,-82.515,1.592,0.126,0.037,-0.131,-0.139,-0.144,-0.299,-0.414,1983-2001,10/01/1977 - 10/31/1977,"8725943 BLACKBURN POINT, FL",meters
8726034,"Siesta Key, Big Sarasota Pass",27.2839,-82.565,8.6,0.135,0.051,-0.162,-0.162,-0.174,-0.375,-0.483,1983-2001,01/01/2020 - 07/31/2020,"8726724 Clearwater Beach, FL",meters
8726045,HAYDEN ROBERTS BAY,27.2917,-82.5417,1.366,0.176,0.095,-0.129,-0.126,-0.134,-0.354,-0.445,1983-2001,06/01/1977 - 07/31/1977,"8726247 BRADENTON, MANATEE RIVER, FL",meters
8726083,SARASOTA,27.3317,-82.545,1.285,0.12,0.047,-0.143,-0.15,-0.177,-0.333,-0.475,1983-2001,06/01/1977 - 07/31/1977,"8725943 BLACKBURN POINT, FL",meters
8726089,LONGBOAT KEY,27.34,-82.59,1.154,0.174,0.06,-0.134,-0.133,-0.141,-0.328,-0.456,1983-2001,08/01/1973 - 07/31/1974,"8726520 St. Petersburg, FL",meters
8726159,"WHITFIELD ESTATES, SARASOTA BAY",27.4083,-82.58,1.173,0.126,0.041,-0.157,-0.153,-0.195,-0.355,-0.516,1983-2001,09/01/1977 - 09/30/1977,"8725943 BLACKBURN POINT, FL",meters
8726217,CORTEZ,27.4667,-82.6867,1.088,0.164,0.075,-0.147,-0.14,-0.155,-0.369,-0.473,1983-2001,06/01/1990 - 10/31/1990,"8726520 St. Petersburg, FL",meters
8726233,"PALMA SOLA BAY, SOUTH",27.485,-82.645,1.172,0.214,0.135,-0.112,-0.101,-0.121,-0.359,-0.456,1983-2001,05/01/1977 - 07/31/1977,"8726247 BRADENTON, MANATEE RIVER, FL",meters
8726243,ANNA MARIA  OUTSIDE,27.4967,-82.7133,0.726,0.193,0.102,-0.138,-0.131,-0.15,-0.378,-0.494,1983-2001,07/01/1990 - 10/31/1990,"8726520 St. Petersburg, FL",meters
8726247,"BRADENTON, MANATEE RIVER",27.5,-82.5733,0.997,0.223,0.143,-0.108,-0.097,-0.119,-0.359,-0.461,1983-2001,01/01/1977 - 12/31/1977,"8726520 St. Petersburg, FL",meters
8726249,PALMA SOLA BAY NORTH,27.5033,-82.6483,0.928,0.22,0.139,-0.109,-0.105,-0.115,-0.356,-0.449,1983-2001,04/01/1977 - 10/31/1977,"8726247 BRADENTON, MANATEE RIVER, FL",meters
8726265,"Ellenton, Manatee River",27.5149,-82.5338,9.16,0.22,0.13,-0.093,-0.08,-0.096,-0.315,-0.412,1983-2001,01/01/2020 - 06/30/2020,"8726384 Port Manatee, FL",meters
8726273,DESOTO POINT,27.5233,-82.65,0.841,0.167,0.082,-0.151,-0.144,-0.163,-0.384,-0.493,1983-2001,06/01/1990 - 10/31/1990,"8726520 St. Petersburg, FL",meters
8726278,"REDFISH POINT, MANATEE RIVER",27.5267,-82.4817,0.903,0.246,0.173,-0.087,-0.079,-0.102,-0.347,-0.45,1983-2001,09/01/1977 - 09/30/1977,"8726247 BRADENTON, MANATEE RIVER, FL",meters
8726282,"ANNA MARIA, CITY PIER",27.5333,-82.73,0.898,0.167,0.089,-0.146,-0.138,-0.163,-0.381,-0.493,1983-2001,06/01/1976 - 08/31/1976,"8726520 St. Petersburg, FL",meters
8726347,"EGMONT KEY, TAMPA BAY",27.6017,-82.76,0.879,0.171,0.094,-0.138,-0.131,-0.158,-0.37,-0.486,1983-2001,06/01/1990 - 11/30/1990,"8726724 Clearwater Beach, FL",meters
8726364,"MULLET KEY, TAMPA BAY",27.615,-82.7267,0.84,0.17,0.092,-0.133,-0.126,-0.147,-0.358,-0.464,1983-2001,06/01/1990 - 05/31/1991,"8726520 St. Petersburg, FL",meters
8726384,Port Manatee,27.6387,-82.5621,0.55,0.177,0.095,-0.14,-0.133,-0.154,-0.375,-0.486,1983-2001,12/01/1999 - 11/30/2008 ; 01/01/2012 - 12/31/2019,"8726520 St. Petersburg, FL",meters
8726425,COCKROACH BAY,27.6783,-82.5033,0.819,0.191,0.109,-0.077,-0.083,-0.063,-0.263,-0.317,1983-2001,08/01/1990 - 08/31/1990,"8726520 St. Petersburg, FL",meters
8726428,TIERRA VERDE,27.6883,-82.7183,0.991,0.186,0.104,-0.133,-0.126,-0.143,-0.369,-0.473,1983-2001,06/01/1990 - 10/31/1990,"8726520 St. Petersburg, FL",meters
8726467,"MARSH BRANCH, RUSKIN",27.7183,-82.4533,1.24,0.242,0.183,-0.081,-0.075,-0.087,-0.346,-0.416,1983-2001,03/01/1977 - 04/30/1977,"8726520 St. Petersburg, FL",meters
8726492,MANGROVE POINT INSIDE,27.7417,-82.4667,1.19,0.261,0.174,-0.102,-0.093,-0.121,-0.377,-0.502,1983-2001,04/01/1977 - 08/31/1977,"8726520 St. Petersburg, FL",meters
8726520,St. Petersburg,27.7606,-82.6269,1.478,0.238,0.152,-0.09,-0.084,-0.106,-0.333,-0.45,1983-2001,01/01/1983 - 12/31/2001,,meters
8726533,JOHNS PASS,27.785,-82.7817,0.718,0.248,0.14,-0.08,-0.083,-0.094,-0.3,-0.436,1983-2001,06/01/1976 - 07/31/1976,"8726724 Clearwater Beach, FL",meters
8726537,"APOLLO BEACH, HILLSBOROUGH BAY",27.7867,-82.4267,0.788,0.241,0.152,-0.11,-0.105,-0.134,-0.373,-0.509,1983-2001,07/01/1990 - 12/31/1990,"8726520 St. Petersburg, FL",meters
8726539,NEWMAN BRANCH,27.7833,-82.4067,1.296,0.286,0.195,-0.093,-0.083,-0.111,-0.38,-0.509,1983-2001,04/01/1977 - 09/30/1977,"8726520 St. Petersburg, FL",meters
8726572,THE KITCHEN,27.82,-82.3867,1.215,0.277,0.191,-0.083,-0.084,-0.091,-0.357,-0.459,1983-2001,12/01/1978 - 12/31/1978 ; 02/01/1979 - 03/31/1979,"8726520 St. Petersburg, FL",meters
8726573,"GADSDEN POINT, TAMPA BAY",27.8217,-82.485,0.911,0.257,0.181,-0.096,-0.078,-0.118,-0.373,-0.493,1983-2001,12/01/1975 - 12/31/1975,"8726520 St. Petersburg, FL",meters
8726574,BOCA CIEGA BAY,27.8083,-82.795,1.191,0.238,0.15,-0.106,-0.102,-0.13,-0.362,-0.498,1983-2001,08/01/1990 - 08/31/1990,"8726724 Clearwater Beach, FL",meters
8726604,"LONG SHOAL, MACDILL AFB",27.855,-82.48,0.816,0.294,0.228,-0.074,-0.056,-0.099,-0.376,-0.492,1983-2001,12/01/1975 - 12/31/1975,"8726520 St. Petersburg, FL",meters
8726607,Old Port Tampa,27.8578,-82.5528,9.133,0.239,0.143,-0.119,-0.121,-0.139,-0.382,-0.516,1983-2001,01/01/1999 - 12/31/2000 ; 01/01/2003 - 12/31/2003 ; 12/01/2005 - 11/30/2008 ; 04/01/2010 - 03/31/2011 ; 01/01/2012 - 12/31/2016,"8726520 St. Petersburg, FL",meters
8726614,ALAFIA RIVER NORTH,27.87,-82.3283,0.868,0.348,0.255,-0.065,-0.054,-0.085,-0.385,-0.519,1983-2001,03/01/1977 - 04/30/1977,"8726520 St. Petersburg, FL",meters
8726632,ARCHIE CREEK,27.8817,-82.3967,0.712,0.3,0.239,-0.02,-0.034,-0.02,-0.28,-0.34,1983-2001,03/01/1977 - 04/30/1977,"8726520 St. Petersburg, FL",meters
8726639,"TAMPA, BALLAST POINT",27.89,-82.48,0.85,0.292,0.199,-0.103,-0.092,-0.123,-0.405,-0.538,1983-2001,07/01/1996 - 09/30/1996,"8726520 St. Petersburg, FL",meters
8726641,"GANDY BRIDGE,  OLD TAMPA BAY",27.8933,-82.5383,1.157,0.283,0.182,-0.085,-0.086,-0.106,-0.351,-0.495,1983-2001,01/01/1991 - 05/31/1991,"8726520 St. Petersburg, FL",meters
8726651,"PENDOLA POINT, HILLSBOROUGH BAY",27.8983,-82.4267,1.146,0.288,0.183,-0.093,-0.081,-0.109,-0.369,-0.506,1983-2001,08/01/1990 - 08/31/1990,"8726520 St. Petersburg, FL",meters
8726657,"DAVIS ISLAND, HILLSBOROUGH BAY",27.9083,-82.4517,1.127,0.277,0.176,-0.102,-0.092,-0.123,-0.38,-0.523,1983-2001,06/01/1990 - 05/31/1991,"8726520 St. Petersburg, FL",meters
8726667,Mckay Bay Entrance,27.9133,-82.425,0.597,0.303,0.203,-0.08,-0.071,-0.105,-0.362,-0.514,1983-2001,01/01/1999 - 12/31/2007 ; 01/01/2015 - 12/31/2019,"8726520 St. Petersburg, FL",meters
8726668,"TAMPA, HOOKER POINT, HILLSBOROUGH BAY",27.9183,-82.445,0.662,0.314,0.231,-0.07,-0.062,-0.095,-0.371,-0.504,1983-2001,12/01/1978 - 03/31/1979,"8726520 St. Petersburg, FL",meters
8726674,East Bay,27.9231,-82.4214,0.604,0.26,0.157,-0.119,-0.11,-0.148,-0.395,-0.556,1983-2001,10/01/2019 - 12/31/2019,"8726520 St. Petersburg, FL",meters
8726685,TWENTY-SECOND ST. CAUSEWAY,27.9383,-82.4317,1.268,0.303,0.22,-0.087,-0.077,-0.108,-0.393,-0.519,1983-2001,09/01/1977 - 11/30/1977,"8726520 St. Petersburg, FL",meters
8726689,"BAY ARISTOCRAT VILLAGE, OLD TAMPA BAY",27.9417,-82.72,1.14,0.317,0.212,-0.085,-0.085,-0.11,-0.381,-0.538,1983-2001,06/01/1990 - 05/31/1991,"8726520 St. Petersburg, FL",meters
8726693,HILLSBOROUGH RIVER ENTRANCE,27.9467,-82.4617,1.051,0.323,0.247,-0.05,-0.048,-0.063,-0.348,-0.449,1983-2001,07/25/1990 - 08/28/1990,"8726520 St. Petersburg, FL",meters
8726699,PALM RIVER,27.9483,-82.385,1.216,0.602,0.492,0.205,0.21,0.175,-0.082,-0.252,1983-2001,02/01/1977 - 03/31/1977,"8726689 BAY ARISTOCRAT VILLAGE, OLD TAMPA BAY, FL",meters
8726706,"CLEARWATER, CLEARWATER HARBOR",27.955,-82.8067,0.681,0.301,0.195,-0.093,-0.09,-0.117,-0.381,-0.535,1983-2001,11/01/1975 - 02/29/1976 ; 04/01/1976 - 05/31/1976 ; 08/01/1976 - 09/30/1976,"8726724 Clearwater Beach, FL",meters
8726711,"WEST TAMPA, HILLSBOROUGH RIVER",27.96,-82.4683,1.235,0.286,0.211,-0.091,-0.085,-0.107,-0.393,-0.5,1983-2001,12/01/1976 - 01/31/1977,"8726520 St. Petersburg, FL",meters
8726724,Clearwater Beach,27.9783,-82.8317,1.073,0.29,0.187,-0.102,-0.096,-0.128,-0.39,-0.546,1983-2001,01/01/1997 - 12/31/2000 ; 05/01/2001 - 04/30/2007 ; 08/01/2008 - 07/31/2009 ; 08/01/2010 - 07/31/2012 ; 05/01/2015 - 04/30/2018,"8727520 Cedar Key, FL",meters
8726738,"SAFETY HARBOR, OLD TAMPA BAY",27.9883,-82.685,1.109,0.313,0.207,-0.085,-0.085,-0.112,-0.376,-0.537,1983-2001,01/01/1991 - 05/31/1991,"8726520 St. Petersburg, FL",meters
8726761,DUNEDIN CITY DOCK,28.0133,-82.7933,1.048,0.343,0.237,-0.069,-0.058,-0.095,-0.376,-0.533,1983-2001,06/01/1975 - 08/31/1975,"8726724 Clearwater Beach, FL",meters
8726769,MOBBLY BAYOU,28.0217,-82.655,1.227,0.314,0.207,0.018,0.003,0.045,-0.171,-0.224,1983-2001,08/01/1990 - 08/31/1990,"8726520 St. Petersburg, FL",meters
8726809,"HONEYMOON ISLAND, INSIDE",28.0617,-82.8133,0.585,0.352,0.245,-0.069,-0.057,-0.097,-0.383,-0.546,1983-2001,06/01/1975 - 08/31/1975,"8726724 Clearwater Beach, FL",meters
8726819,OZONA,28.07,-82.7817,0.754,0.336,0.232,-0.095,-0.089,-0.125,-0.422,-0.586,1983-2001,11/01/1975 - 11/30/1975,"8726724 Clearwater Beach, FL",meters
8726833,"SUTHERLAND BAYOU, PALM HARBOR",28.085,-82.7717,1.869,0.335,0.221,-0.103,-0.1,-0.129,-0.427,-0.593,1983-2001,03/01/1976 - 03/31/1976,"8726724 Clearwater Beach, FL",meters
8726853,INDIAN BLUFF ISLAND,28.1033,-82.7783,1.137,0.347,0.241,-0.087,-0.078,-0.118,-0.415,-0.583,1983-2001,11/01/1975 - 11/30/1975,"8726724 Clearwater Beach, FL",meters
8726892,"SPRING BAYOU, TARPON SPRINGS",28.1467,-82.7583,0.549,0.372,0.258,-0.073,-0.064,-0.093,-0.404,-0.557,1983-2001,01/01/1976 - 01/31/1976,"8726924 ANCLOTE RIVER, FL",meters
8726899,KREAMER BAYOU,28.15,-82.7717,1.187,0.37,0.259,-0.065,-0.059,-0.088,-0.389,-0.546,1983-2001,01/01/1976 - 01/31/1976,"8726924 ANCLOTE RIVER, FL",meters
8726904,HOWARD PARK,28.1533,-82.8017,0.677,0.354,0.243,-0.08,-0.077,-0.108,-0.403,-0.57,1983-2001,11/01/1975 - 11/30/1975,"8726924 ANCLOTE RIVER, FL",meters
8726905,"TARPON SPRINGS, ANCLOTE RIVER",28.16,-82.7683,0.699,0.363,0.253,-0.065,-0.053,-0.087,-0.383,-0.537,1983-2001,10/01/1975 - 10/31/1975,"8726924 ANCLOTE RIVER, FL",meters
8726906,"RIVER VILLAGE, ANCLOTE RIVER",28.1567,-82.7467,0.512,0.289,0.191,-0.072,-0.066,-0.076,-0.335,-0.441,1983-2001,01/01/1976 - 01/31/1976,"8726724 Clearwater Beach, FL",meters
8726908,"NORTH FORK, ANCLOTE RIVER",28.1583,-82.7567,0.979,0.318,0.216,-0.077,-0.067,-0.094,-0.37,-0.506,1983-2001,01/01/1976 - 01/31/1976,"8726924 ANCLOTE RIVER, FL",meters
8726924,ANCLOTE RIVER,28.1717,-82.785,1.17,0.33,0.22,-0.109,-0.1,-0.138,-0.438,-0.606,1983-2001,04/01/1975 - 02/29/1976,"8726724 Clearwater Beach, FL",meters
8726976,BAILEYS BLUFF INSIDE,28.2017,-82.78,1.247,0.346,0.233,-0.1,-0.098,-0.121,-0.433,-0.588,1983-2001,03/01/1976 - 03/31/1976,"8726924 ANCLOTE RIVER, FL",meters
8726978,BAILEYS BLUFF GULFSIDE,28.205,-82.7833,0.871,0.328,0.215,-0.13,-0.118,-0.156,-0.475,-0.64,1983-2001,03/01/1976 - 03/31/1976,"8726924 ANCLOTE RIVER, FL",meters
8726988,"FILLMANS CREEK, NEW PORT RICHEY",28.23,-82.7533,0.9,0.364,0.237,-0.128,-0.119,-0.148,-0.493,-0.66,1983-2001,03/01/1976 - 03/31/1976,"8726924 ANCLOTE RIVER, FL",meters
8727001,MIDDLE PITHLACHASCOTEE RIVER,28.2483,-82.7233,1.198,0.407,0.289,-0.079,-0.085,-0.101,-0.447,-0.609,1983-2001,03/01/1976 - 03/31/1976,"8726724 Clearwater Beach, FL",meters
8727003,OYSTER CREEK  NEW PORT RICHEY,28.2567,-82.735,0.592,0.319,0.254,,,,,,1983-2001,03/01/1976 - 03/31/1976,"8727012 PITHLACHASCOTEE RIVER, FL",meters
8727021,SALT SPRINGS RUN  PORT RICHEY,28.2917,-82.7267,0.835,0.384,0.286,,,,,,1983-2001,03/01/1976 - 03/31/1976,"8727012 PITHLACHASCOTEE RIVER, FL",meters
8727061,"HUDSON, HUDSON CREEK",28.3617,-82.71,0.786,0.349,0.24,-0.138,-0.124,-0.16,-0.516,-0.67,1983-2001,09/01/1978 - 11/30/1978,"8726724 Clearwater Beach, FL",meters
8727086,FILLMANS BAYOU,28.4133,-82.6767,0.899,0.355,0.245,-0.031,-0.063,-0.004,-0.307,-0.363,1983-2001,07/01/1978 - 11/30/1978,"8726724 Clearwater Beach, FL",meters
8727151,BAYPORT,28.5333,-82.65,1.059,0.402,0.285,-0.069,-0.081,-0.079,-0.424,-0.561,1983-2001,12/01/1978 - 03/31/1979,"8726724 Clearwater Beach, FL",meters
8727246,CHASSAHOWITZKA RIVER,28.715,-82.5767,3.36,0.265,0.231,0.175,0.168,0.176,0.119,0.088,1983-2001,06/01/1978 - 10/31/1978,"8727520 Cedar Key, FL",meters
8727274,"MASON CREEK, HOMOSASSA BAY",28.7617,-82.6383,0.739,0.221,0.15,0.004,-0.01,0.015,-0.143,-0.191,1983-2001,03/01/1978 - 02/28/1979,"8727520 Cedar Key, FL",meters
8727293,"HALLS RIVER BRIDGE, HALLS RIVER",28.8,-82.6033,0.616,0.065,0.018,-0.05,-0.042,-0.039,-0.119,-0.143,1983-2001,09/01/1978 - 11/30/1978,"8726724 Clearwater Beach, FL",meters
8727306,OZELLO,28.825,-82.6583,1.35,0.083,0.035,-0.039,-0.035,-0.03,-0.113,-0.143,1983-2001,10/01/1978 - 11/30/1978,"8727520 Cedar Key, FL",meters
8727328,OZELLO NORTH,28.8633,-82.6667,1.336,0.34,0.239,0.009,-0.02,0.032,-0.221,-0.276,1983-2001,06/01/1978 - 09/30/1978,"8727520 Cedar Key, FL",meters
8727336,DIXIE BAY,28.8817,-82.635,1.045,0.288,0.206,-0.051,-0.06,-0.042,-0.308,-0.373,1983-2001,07/01/1978 - 08/31/1978,"8727520 Cedar Key, FL",meters
8727343,"CRYSTAL RIVER, KINGS BAY",28.8983,-82.5983,1.643,0.353,0.269,-0.005,-0.003,-0.003,-0.279,-0.359,1983-2001,10/01/1978 - 12/31/1978,"8727520 Cedar Key, FL",meters
8727348,Twin Rivers Marina,28.905,-82.6383,1.145,0.369,0.269,-0.021,-0.027,-0.017,-0.311,-0.404,1983-2001,01/01/1977 - 06/30/1977,"8727520 Cedar Key, FL",meters
8727395,"PORT INGLIS, WITHLACOOCHEE RIVER",29.0017,-82.7583,1.161,0.454,0.342,-0.129,-0.132,-0.163,-0.6,-0.78,1983-2001,09/01/1978 - 10/31/1978,"8727520 Cedar Key, FL",meters
8727411,"YANKEETOWN, WITHLACOOCHEE RIVER",29.03,-82.7133,1.081,0.518,0.415,-0.049,-0.044,-0.079,-0.512,-0.677,1983-2001,07/01/1978 - 12/31/1978,"8727520 Cedar Key, FL",meters
8727512,"FOWLER BLUFF, SUWANNEE  RIVER",29.3983,-83.0233,0.424,0.494,0.425,0.176,0.191,0.164,-0.074,-0.166,1983-2001,09/01/1978 - 12/31/1978,"8727520 Cedar Key, FL",meters
8727520,Cedar Key,29.135,-83.0317,1.237,0.471,0.368,-0.063,-0.066,-0.108,-0.494,-0.687,1983-2001,01/01/1983 - 12/31/1987 ; 01/01/1989 - 12/31/1994 ; 01/01/1997 - 12/31/2001,"8726520 St. Petersburg, FL",meters
8727535,Shell Mound,29.2064,-83.0697,6.221,0.413,0.32,-0.099,-0.096,-0.15,-0.518,-0.713,1983-2001,03/01/2022 - 05/31/2022,"8727520 Cedar Key, FL",meters
8727577,SUWANNEE,29.3283,-83.1517,1.154,0.488,0.394,-0.009,-0.021,-0.04,-0.412,-0.569,1983-2001,03/01/1975 - 02/29/1976,"8727520 Cedar Key, FL",meters
8727604,SHIRED ISLAND,29.3983,-83.2067,1.015,0.458,0.373,-0.034,-0.036,-0.072,-0.44,-0.601,1983-2001,09/01/1978 - 11/30/1978,"8727520 Cedar Key, FL",meters
8727648,HORSESHOE POINT,29.4367,-83.2933,0.87,0.468,0.378,-0.032,-0.046,-0.077,-0.443,-0.623,1983-2001,07/01/1978 - 12/31/1978,"8727520 Cedar Key, FL",meters
8727695,STEINHATCHEE,29.6717,-83.39,0.851,0.502,0.418,-0.019,-0.024,-0.081,-0.456,-0.664,1983-2001,07/01/1975 - 06/30/1976,"8727520 Cedar Key, FL",meters
8727792,Hagens Cove,29.7967,-83.5838,8.252,0.458,0.386,-0.006,-0.024,-0.063,-0.397,-0.585,1983-2001,03/01/2022 - 05/31/2022,"8727520 Cedar Key, FL",meters
8727809,DEKLE BEACH,29.845,-83.6217,0.637,0.53,0.449,,,,,,1983-2001,11/01/1978 - 11/30/1978 ; 03/01/1979 - 03/31/1979,"8727695 STEINHATCHEE, FL",meters
8727843,SPRING WARRIOR CREEK,29.92,-83.6717,1.265,0.535,0.456,0.048,0.028,0.008,-0.36,-0.518,1983-2001,06/01/1978 - 11/30/1978,"8727520 Cedar Key, FL",meters
8727956,"ECONFINA RIVER, INSIDE",30.0533,-83.91,0.006,0.475,0.401,-0.006,-0.011,-0.061,-0.414,-0.599,1983-2001,05/01/2022 - 01/31/2023,"8727520 Cedar Key, FL",meters
8727976,Snipe Island,30.0619,-83.9527,9.757,0.44,0.39,-0.01,-0.035,-0.064,-0.41,-0.569,1983-2001,02/01/2023 - 03/31/2023,"8727520 Cedar Key, FL",meters
8727989,"MANDALAY, AUCILLA RIVER",30.1267,-83.975,0.632,0.579,0.514,0.222,0.196,0.203,-0.07,-0.173,1983-2001,02/01/1975 - 01/31/1976,"8727520 Cedar Key, FL",meters
8728104,Port Leon,30.1244,-84.149,7.653,0.472,0.412,0.018,0.029,-0.048,-0.376,-0.568,1983-2001,03/01/2022 - 05/31/2022,"8727520 Cedar Key, FL",meters
8728130,"ST. MARKS LHTSE., APALACHEE BAY",30.0783,-84.1783,0.813,0.501,0.429,0.028,0.022,-0.031,-0.374,-0.562,1983-2001,01/01/1975 - 12/31/1975,"8727520 Cedar Key, FL",meters
8728151,ST. MARKS CITY,30.155,-84.2033,1.554,0.557,0.479,0.058,0.05,-0.003,-0.363,-0.563,1983-2001,06/01/1977 - 06/30/1977,"8728229 SHELL POINT, WALKER CREEK, FL",meters
8728152,"St Marks, Wakulla River",30.1589,-84.2186,8.555,0.529,0.461,0.05,0.055,-0.017,-0.361,-0.564,1983-2001,03/01/2022 - 05/31/2022,"8727520 Cedar Key, FL",meters
8728171,WAKULLA RIVER,30.1767,-84.2467,0.376,0.696,0.662,0.535,0.518,0.524,0.408,0.352,1983-2001,03/01/1977 - 03/31/1977 ; 06/01/1977 - 06/30/1977,"8728229 SHELL POINT, WALKER CREEK, FL",meters
8728229,"SHELL POINT, WALKER CREEK",30.058332,-84.29056,0.001,0.46,0.391,-0.008,-0.013,-0.077,-0.408,-0.615,1983-2001,07/01/2022 - 06/30/2023,"8727520 Cedar Key, FL",meters
8728237,"BALD POINT,  OCHLOCKONEE BAY",29.9483,-84.3417,-0.006,0.431,0.366,0.013,0.004,-0.043,-0.338,-0.518,1983-2001,09/01/2022 - 11/30/2022 ; 01/01/2023 - 03/31/2023 ; 05/01/2023 - 05/31/2023 ; 07/01/2023 - 08/31/2023,"8727520 Cedar Key, FL",meters
8728255,ALLIGATOR HARBOR,29.9117,-84.365,1.236,0.367,0.297,-0.022,-0.037,-0.078,-0.342,-0.523,1983-2001,06/01/1976 - 07/31/1976,"8728360 TURKEY POINT, FL",meters
8728258,FIDDLERS POINT,30.015,-84.3683,0.972,0.486,0.418,0.012,-0.002,-0.062,-0.394,-0.61,1983-2001,09/01/1976 - 09/30/1976,"8728229 SHELL POINT, WALKER CREEK, FL",meters
8728261,"ALLIGATOR POINT, SW CAPE",29.895,-84.3883,1.038,0.389,0.322,0.022,-0.003,-0.034,-0.279,-0.457,1983-2001,02/01/1977 - 07/31/1977,"8727520 Cedar Key, FL",meters
8728262,Ochlockonee Bay,29.9802,-84.3959,1.022,0.467,0.4,0.031,0.019,-0.024,-0.338,-0.516,1983-2001,01/01/2023 - 04/30/2023,"8727520 Cedar Key, FL",meters
8728269,"PANACEA, DICKERSON BAY",30.0283,-84.3867,-0.002,0.468,0.402,-0.001,-0.005,-0.071,-0.404,-0.611,1983-2001,01/01/2022 - 12/31/2022,"8727520 Cedar Key, FL",meters
8728288,ALLIGATOR POINT,29.9033,-84.4133,0.73,0.383,0.31,0.015,-0.015,-0.042,-0.281,-0.467,1983-2001,10/01/1975 - 11/30/1975,"8728229 SHELL POINT, WALKER CREEK, FL",meters
8728311,ST. TERESA BEACH,29.9283,-84.4467,1.152,0.343,0.279,-0.018,-0.034,-0.075,-0.316,-0.494,1983-2001,04/01/1976 - 05/31/1976,"8728360 TURKEY POINT, FL",meters
8728351,OCHLOCKONEE RIVER STATE PARK,30.005,-84.4717,1.267,0.424,0.36,0.038,0.035,-0.002,-0.284,-0.427,1983-2001,05/01/1978 - 11/30/1978,"8728360 TURKEY POINT, FL",meters
8728360,TURKEY POINT,29.915,-84.5117,0.673,0.328,0.264,-0.029,-0.043,-0.089,-0.321,-0.506,1983-2001,10/01/1989 - 09/30/1995,"8727520 Cedar Key, FL",meters
8728366,"MCINTYRE, OCHLOCKONEE RIVER",29.9817,-84.5267,1.222,0.398,0.346,0.099,0.084,0.061,-0.148,-0.276,1983-2001,07/01/1978 - 11/30/1978,"8728229 SHELL POINT, WALKER CREEK, FL",meters
8728408,"DOG ISLAND, EAST END",29.81,-84.585,0.635,0.27,0.214,-0.046,-0.057,-0.103,-0.306,-0.476,1983-2001,03/01/1979 - 03/31/1979,"8728360 TURKEY POINT, FL",meters
8728412,"LANARK, ST. GEORGES SOUND",29.8783,-84.595,0.739,0.297,0.237,-0.039,-0.048,-0.101,-0.315,-0.5,1983-2001,02/01/1977 - 04/30/1977,"8728360 TURKEY POINT, FL",meters
8728464,"CARRABELLE RIVER, ST. GEORGE SOUND",29.85,-84.665,1.142,0.299,0.242,0.0,-0.013,-0.058,-0.243,-0.415,1983-2001,11/01/1977 - 02/28/1978,"8728360 TURKEY POINT, FL",meters
8728486,"NE END, ST. GEORGE ISLAND",29.7667,-84.7,1.04,0.287,0.244,0.006,-0.017,-0.048,-0.232,-0.383,1983-2001,09/01/1983 - 09/30/1983,"8728690 Apalachicola, FL",meters
8728488,SOUTH CARRABELLE BEACH,29.8017,-84.7367,1.056,0.3,0.243,-0.01,-0.024,-0.074,-0.263,-0.449,1983-2001,12/01/1977 - 05/31/1978,"8728360 TURKEY POINT, FL",meters
8728593,East Bayou,29.8189,-84.8503,6.425,0.305,0.26,0.043,0.032,-0.009,-0.174,-0.323,1983-2001,04/01/2022 - 06/30/2022,"8728690 Apalachicola, FL",meters
8728619,"CAT POINT, APALACHICOLA BAY",29.7233,-84.8867,-0.006,0.27,0.226,0.016,0.005,-0.036,-0.193,-0.343,1983-2001,03/01/2021 - 08/31/2021,"8728690 Apalachicola, FL",meters
8728669,"SIKES CUT, ST. GEORGE ISLAND",29.6133,-84.9583,1.154,0.19,0.121,-0.065,-0.067,-0.11,-0.251,-0.41,1983-2001,03/01/1984 - 03/31/1984,"8728690 Apalachicola, FL",meters
8728690,Apalachicola,29.724445,-84.98055,1.539,0.26,0.228,0.059,0.045,0.014,-0.11,-0.232,1983-2001,01/01/1983 - 12/31/2001,,meters
8728706,Apalachicola River North Bloody Bluff Rd,29.873192,-85.01135,8.295,,,,1.045,,,,1983-2001,01/01/2023 - 03/31/2023,"8728690 Apalachicola, FL",meters
8728711,APALACHICOLA RIVER,29.7633,-85.0333,0.655,0.285,0.26,0.114,0.105,0.079,-0.033,-0.127,1983-2001,12/01/1981 - 11/30/1982,"8728690 Apalachicola, FL",meters
8728728,Little St George Island,29.6036,-85.0428,9.025,0.196,0.168,0.008,-0.003,-0.035,-0.152,-0.266,1983-2001,04/01/2022 - 06/30/2022,"8728690 Apalachicola, FL",meters
8728757,"HUCKLEBERRY LANDING, JACKSON RIVER",29.77,-85.085,0.331,0.211,0.177,0.068,0.055,0.026,-0.041,-0.158,1983-2001,06/01/1977 - 08/31/1977,"8728360 TURKEY POINT, FL",meters
8728786,"ELEVEN MILE, ST. VINCENT SOUND",29.7067,-85.1533,1.23,0.23,0.189,0.018,-0.005,-0.024,-0.153,-0.279,1983-2001,12/01/1977 - 05/31/1978,"8729840 Pensacola, FL",meters
8728852,Indian Pass,29.6851,-85.2213,8.138,0.172,0.135,-0.026,-0.022,-0.029,-0.188,-0.231,1983-2001,04/01/2022 - 05/31/2022,"8728690 Apalachicola, FL",meters
8728853,"White City, ICWW",29.8807,-85.2214,0.824,0.286,0.266,0.135,0.136,0.132,0.004,-0.022,1983-2001,01/01/2009 - 12/31/2010,"8728690 Apalachicola, FL",meters
8728886,"White City, Gulf County Canal",29.8668,-85.2706,7.401,0.268,0.226,0.086,0.088,0.096,-0.055,-0.076,1983-2001,02/01/2023 - 04/30/2023,"8729108 Panama City, FL",meters
8728941,"NORTH PRONG, WETAPPO CREEK",30.0033,-85.3483,0.614,0.325,0.286,0.078,0.071,0.067,-0.13,-0.191,1983-2001,05/01/1976 - 05/31/1976,"8729015 ALLANTON, EAST BAY, FL",meters
8728942,CAPE SAN BLAS,29.6683,-85.36,1.142,0.205,0.189,-0.007,-0.006,-0.014,-0.204,-0.233,1983-2001,10/01/1977 - 01/31/1978,"8729840 Pensacola, FL",meters
8728957,OVERSTREET,29.9967,-85.37,0.98,0.308,0.278,0.075,0.071,0.067,-0.128,-0.174,1983-2001,05/01/1976 - 05/31/1976,"8729015 ALLANTON, EAST BAY, FL",meters
8728958,"ST. JOSEPH POINT, ST. JOSEPH BAY",29.8733,-85.39,0.376,0.235,0.142,-0.035,-0.007,-0.002,-0.212,-0.239,1983-2001,07/01/1976 - 07/31/1976,"8728912 Port St. Joe, FL",meters
8728973,"WETAPPO CREEK, EAST BAY",30.0383,-85.3933,0.936,0.305,0.251,0.028,0.057,0.053,-0.195,-0.199,1983-2001,05/01/1976 - 05/31/1976,"8729015 ALLANTON, EAST BAY, FL",meters
8728978,"Cape San Blas, Western Cape",29.7644,-85.4025,8.633,0.261,0.243,0.011,0.003,0.011,-0.22,-0.239,1983-2001,03/01/2022 - 06/30/2022,"8729108 Panama City, FL",meters
8729015,"ALLANTON, EAST BAY",30.03,-85.465,0.96,0.274,0.239,0.04,0.039,0.041,-0.159,-0.192,1983-2001,02/01/1976 - 01/31/1977,"8729840 Pensacola, FL",meters
8729022,"ST. ANDREW SOUND, EAST END",29.97,-85.48,0.871,0.246,0.204,0.032,0.029,0.031,-0.141,-0.185,1983-2001,07/01/1976 - 08/31/1976,"8729015 ALLANTON, EAST BAY, FL",meters
8729026,"East Bay, Goose Point",30.0612,-85.4886,7.958,0.277,0.247,0.048,0.042,0.045,-0.152,-0.187,1983-2001,02/01/2022 - 05/31/2022,"8729108 Panama City, FL",meters
8729039,"PARKER BRANCH, LAIRD BAYOU, EAST BAY",30.1367,-85.5167,0.585,0.26,0.234,0.041,0.041,0.041,-0.153,-0.178,1983-2001,08/01/1976 - 09/30/1976,"8729015 ALLANTON, EAST BAY, FL",meters
8729052,ST ANDREW SOUND,30.025,-85.5417,0.683,0.241,0.205,0.035,0.027,0.031,-0.135,-0.179,1983-2001,07/01/1976 - 08/31/1976,"8729015 ALLANTON, EAST BAY, FL",meters
8729063,"CALLAWAY BAYOU, EAST BAY",30.1367,-85.5717,0.839,0.265,0.239,0.042,0.041,0.046,-0.155,-0.173,1983-2001,09/01/1976 - 09/30/1976,"8729015 ALLANTON, EAST BAY, FL",meters
8729071,"MILL BAYOU, NORTH BAY",30.245,-85.605,1.126,0.28,0.258,0.057,0.054,0.052,-0.144,-0.176,1983-2001,10/01/1976 - 11/30/1976,"8729840 Pensacola, FL",meters
8729082,Deer Point Lake,30.2696,-85.6079,6.542,0.312,0.282,0.071,0.065,0.069,-0.139,-0.174,1983-2001,02/01/2022 - 05/31/2022,"8729108 Panama City, FL",meters
8729084,"PARKER, EAST BAY",30.1267,-85.6117,0.65,0.244,0.229,0.031,0.029,0.028,-0.167,-0.188,1983-2001,11/01/1976 - 11/30/1976,"8729108 Panama City, FL",meters
8729085,"PEARL BAYOU, EAST BAY",30.0983,-85.6133,0.983,0.254,0.224,0.036,0.041,0.04,-0.153,-0.174,1983-2001,07/01/1976 - 08/31/1976,"8729108 Panama City, FL",meters
8729101,"SOUTHPORT, NORTH BAY",30.2833,-85.6467,0.896,0.266,0.234,0.03,0.03,0.03,-0.174,-0.206,1983-2001,10/01/1976 - 12/31/1976,"8729108 Panama City, FL",meters
8729102,"LYNN HAVEN, NORTH BAY",30.255,-85.6483,1.17,0.275,0.239,0.049,0.047,0.051,-0.141,-0.173,1983-2001,01/01/1976 - 12/31/1976,"8729840 Pensacola, FL",meters
8729105,"BEACON BEACH, ST ANDREW BAY",30.0917,-85.6483,1.753,0.236,0.222,0.037,0.034,0.035,-0.149,-0.166,1983-2001,12/01/1983 - 04/30/1984,"8729108 Panama City, FL",meters
8729107,"MASSALINA BAYOU, ST. ANDREW BAY",30.1517,-85.66,1.037,0.25,0.226,0.042,0.042,0.05,-0.142,-0.15,1983-2001,10/01/1976 - 10/31/1976,"8729102 LYNN HAVEN, NORTH BAY, FL",meters
8729108,Panama City,30.149723,-85.664444,1.189,0.239,0.225,0.035,0.033,0.035,-0.156,-0.17,1983-2001,01/01/1983 - 12/31/1997 ; 01/01/1999 - 12/31/2001,,meters
8729132,"Courtney Point, St Andrew Bay",30.1517,-85.6667,8.075,0.248,0.233,0.04,0.038,0.041,-0.153,-0.166,1983-2001,05/01/2021 - 07/31/2021,"8729108 Panama City, FL",meters
8729141,"ST. ANDREWS STATE PARK, GRAND LAGOON",30.1333,-85.7317,1.214,0.236,0.211,0.028,0.024,0.027,-0.154,-0.182,1983-2001,10/01/1976 - 12/31/1976,"8729108 Panama City, FL",meters
8729142,"Sulphur Point, Port of Panama City",30.183,-85.7328,7.818,0.271,0.257,0.058,0.055,0.058,-0.14,-0.155,1983-2001,02/01/2022 - 06/30/2022,"8729108 Panama City, FL",meters
8729149,ST. ANDREW STATE PARK,30.13,-85.7433,1.013,0.28,0.256,0.038,0.043,0.047,-0.18,-0.186,1983-2001,03/01/1980 - 11/30/1980,"8729840 Pensacola, FL",meters
8729152,"ALLIGATOR BAYOU, PANAMA CITY",30.17,-85.755,1.369,0.258,0.239,0.048,0.051,0.05,-0.143,-0.159,1983-2001,09/01/1991 - 10/31/1991,"8729108 Panama City, FL",meters
8729154,"BURNT MILL CREEK, WEST BAY",30.3283,-85.7633,1.325,0.277,0.248,0.062,0.049,0.06,-0.123,-0.156,1983-2001,10/01/1976 - 12/31/1976,"8729840 Pensacola, FL",meters
8729155,"GRAND LAGOON, WEST END",30.1583,-85.7683,0.663,0.233,0.219,0.037,0.038,0.037,-0.145,-0.159,1983-2001,10/01/1976 - 10/31/1976,"8729108 Panama City, FL",meters
8729179,"CROOKED CREEK, WEST BAY",30.3083,-85.8117,0.919,0.289,0.25,0.061,0.06,0.065,-0.129,-0.16,1983-2001,10/01/1976 - 12/31/1976,"8729102 LYNN HAVEN, NORTH BAY, FL",meters
8729197,WEST BAY CREEK  WEST BAY,30.2933,-85.8583,4.822,0.288,0.266,0.062,0.06,0.06,-0.142,-0.168,1983-2001,04/01/2021 - 07/31/2021,"8729108 Panama City, FL",meters
8729210,Panama City Beach,30.21375,-85.878586,8.393,0.263,0.24,0.049,0.041,0.051,-0.142,-0.162,1983-2001,04/01/1992 - 03/31/1997 ; 07/01/1998 - 06/30/2007 ; 10/01/2013 - 09/30/2019,"8729108 Panama City, FL",meters
8729329,CHOCTAWHATCHEE RIVER,30.3967,-86.0883,1.222,0.188,0.17,0.102,0.101,0.104,0.034,0.021,1983-2001,07/01/1977 - 10/31/1977,"8729840 Pensacola, FL",meters
8729333,LAGRANGE BAYOU,30.4683,-86.1383,1.296,0.156,0.154,0.092,0.092,0.09,0.029,0.025,1983-2001,08/01/1977 - 11/30/1977,"8729840 Pensacola, FL",meters
8729364,ALLAQUAY BAYOU,30.4883,-86.205,0.88,0.185,0.178,0.107,0.105,0.108,0.035,0.032,1983-2001,07/01/1977 - 11/30/1977,"8729840 Pensacola, FL",meters
8729376,SANTA ROSA HOGTOWN BAYOU,30.4,-86.2283,-0.002,0.174,0.168,0.079,0.081,0.082,-0.009,-0.009,1983-2001,04/01/2021 - 07/31/2021,"8729840 Pensacola, FL",meters
8729381,BASIN CREEK,30.4967,-86.24,0.745,0.174,0.165,0.096,0.099,0.099,0.027,0.024,1983-2001,07/01/1977 - 11/30/1977,"8729840 Pensacola, FL",meters
8729387,"BASIN BAYOU, CHOCTAWHATCHEE BAY",30.4867,-86.2533,0.886,0.171,0.162,0.107,0.11,0.11,0.052,0.048,1983-2001,10/01/1977 - 11/30/1977,"8729538 GARNIER BAYOU, SHALIMAR, FL",meters
8729501,Valparaiso,30.5033,-86.4933,1.314,0.193,0.192,0.11,0.111,0.11,0.028,0.027,1983-2001,11/01/2009 - 10/31/2010,"8729840 Pensacola, FL",meters
8729511,"DESTIN, EAST PASS",30.395,-86.5133,1.74,0.223,0.221,0.131,0.123,0.13,0.04,0.037,1983-2001,05/01/1992 - 02/28/1993,"8729840 Pensacola, FL",meters
8729538,"GARNIER BAYOU, SHALIMAR",30.435,-86.5867,1.462,0.184,0.179,0.124,0.119,0.122,0.068,0.06,1983-2001,06/01/1976 - 05/31/1978,"8729840 Pensacola, FL",meters
8729547,Okaloosa Island,30.3914,-86.5932,7.931,0.273,0.246,0.057,0.049,0.06,-0.133,-0.153,1983-2001,12/01/2021 - 02/28/2022,"8729210 Panama City Beach, FL",meters
8729554,"FORT WALTON BEACH, SANTA ROSA SOUND",30.4017,-86.61,0.717,0.325,0.321,0.246,0.237,0.247,0.171,0.169,1983-2001,02/01/1986 - 04/30/1986,"8729840 Pensacola, FL",meters
8729567,CINCO BAYOU,30.430277,-86.63306,0.575,0.091,0.084,0.022,0.018,0.02,-0.04,-0.051,1983-2001,05/01/1977 - 08/31/1977,"8729538 GARNIER BAYOU, SHALIMAR, FL",meters
8729572,Mary Esther,30.4065,-86.6505,9.052,0.234,0.225,0.098,0.095,0.099,-0.029,-0.035,1983-2001,06/01/2021 - 09/30/2021,"8729840 Pensacola, FL",meters
8729598,HULBERT FIELD,30.4067,-86.7,0.951,0.277,0.257,0.101,0.096,0.099,-0.055,-0.079,1983-2001,06/01/1977 - 11/30/1977,"8729840 Pensacola, FL",meters
8729613,"HARRIS, SANTA ROSA SOUND",30.4083,-86.7317,0.71,0.283,0.267,0.093,0.104,0.093,-0.08,-0.097,1983-2001,05/01/1977 - 08/31/1977,"8729840 Pensacola, FL",meters
8729678,NAVARRE BEACH,30.3767,-86.865,8.0,0.277,0.257,0.065,0.057,0.067,-0.128,-0.144,1983-2001,01/01/1978 - 12/31/1987,"8729840 Pensacola, FL",meters
8729679,"SANTA ROSA SOUND, EAST END",30.385,-86.8633,1.268,0.304,0.283,0.086,0.088,0.093,-0.11,-0.118,1983-2001,11/01/1985 - 04/30/1986,"8729840 Pensacola, FL",meters
8729717,"Navarre, North Side",30.4431,-86.9514,7.809,0.292,0.273,0.07,0.067,0.067,-0.133,-0.158,1983-2001,02/01/2022 - 06/30/2022,"8729840 Pensacola, FL",meters
8729747,"SHIELD POINT, BLACKWATER RIVER",30.5817,-87.015,1.057,0.34,0.309,0.097,0.096,0.098,-0.115,-0.144,1983-2001,01/01/1993 - 10/31/1993,"8729840 Pensacola, FL",meters
8729753,BLACKWATER RIVER,30.6367,-87.0283,1.168,0.361,0.323,0.108,0.109,0.109,-0.107,-0.144,1983-2001,01/01/1993 - 10/31/1993,"8729747 SHIELD POINT, BLACKWATER RIVER, FL",meters
8729757,MILTON,30.6267,-87.0367,0.911,0.337,0.299,0.098,0.095,0.096,-0.103,-0.145,1983-2001,08/01/1977 - 09/30/1977,"8729840 Pensacola, FL",meters
8729791,HERNANDEZ POINT NORTH,30.455,-87.1,0.969,0.293,0.276,0.1,0.094,0.095,-0.077,-0.104,1983-2001,06/01/1977 - 07/31/1977,"8729840 Pensacola, FL",meters
8729793,MULLATTO BAYOU,30.545,-87.1033,0.918,0.323,0.314,0.106,0.098,0.098,-0.102,-0.128,1983-2001,04/01/1977 - 05/31/1977,"8729840 Pensacola, FL",meters
8729806,"FISHING BEND, SANTA ROSA SOUND",30.3367,-87.14,0.986,0.265,0.244,0.067,0.067,0.07,-0.11,-0.126,1983-2001,05/01/1985 - 06/30/1985,"8729840 Pensacola, FL",meters
8729807,Pensacola Beach Pier,30.3275,-87.141945,1.886,0.262,0.239,0.048,0.041,0.05,-0.143,-0.162,1983-2001,07/01/2021 - 07/31/2021,"8729210 Panama City Beach, FL",meters
8729808,LITTLE SABINE BAY,30.3367,-87.1467,1.122,0.252,0.236,0.056,0.053,0.056,-0.124,-0.14,1983-2001,03/01/1977 - 05/31/1977,"8729840 Pensacola, FL",meters
8729824,"FLORIDATOWN, ESCAMBIA BAY",30.5817,-87.18,0.903,0.326,0.307,0.111,0.101,0.105,-0.086,-0.116,1983-2001,06/01/1977 - 07/31/1977,"8729840 Pensacola, FL",meters
8729840,Pensacola,30.4044,-87.2112,2.667,0.285,0.276,0.093,0.09,0.094,-0.089,-0.098,1983-2001,01/01/1983 - 12/31/2001,,meters
8729849,BAYOU CHICO,30.4017,-87.2517,1.015,0.296,0.286,0.11,0.102,0.108,-0.066,-0.08,1983-2001,03/01/1977 - 05/31/1977,"8729840 Pensacola, FL",meters
8729851,CHEMSTRAND PIER,30.5983,-87.2467,1.272,0.363,0.34,0.141,0.141,0.141,-0.058,-0.082,1983-2001,06/01/1977 - 07/31/1977,"8729840 Pensacola, FL",meters
8729868,"PENSACOLA, NAVAL AIR STATION",30.345,-87.2733,1.519,0.278,0.268,0.097,0.091,0.096,-0.075,-0.086,1983-2001,03/01/1977 - 06/30/1977,"8729840 Pensacola, FL",meters
8729871,"WARRINGTON, BAYOU GRANDE",30.375,-87.2767,0.977,0.28,0.265,0.097,0.093,0.096,-0.072,-0.088,1983-2001,03/01/1977 - 06/30/1977,"8729840 Pensacola, FL",meters
8729882,"FORT PICKENS, PENSACOLA BAY",30.33,-87.2917,0.65,0.273,0.269,0.1,0.092,0.098,-0.069,-0.077,1983-2001,03/01/1977 - 05/31/1977,"8729840 Pensacola, FL",meters
8729889,HEAD OF BAYOU GRANDE,30.37,-87.3183,0.893,0.287,0.277,0.098,0.096,0.099,-0.082,-0.089,1983-2001,03/01/1977 - 05/31/1977,"8729840 Pensacola, FL",meters
8729905,"Millview, Perdido Bay",30.4183,-87.3567,0.6,0.26,0.254,0.13,0.123,0.135,0.007,0.009,1983-2001,11/01/2006 - 01/31/2007,"8729840 Pensacola, FL",meters
8729909,BIG LAGOON,30.3267,-87.3567,0.962,0.27,0.261,0.111,0.101,0.104,-0.039,-0.052,1983-2001,01/01/1994 - 02/28/1994,"8729840 Pensacola, FL",meters
8729938,TARKLIN BAY,30.35,-87.415,0.623,0.204,0.202,0.108,0.102,0.109,0.014,0.011,1983-2001,05/01/1977 - 05/31/1977,"8729962 NIX POINT, PERDIDO BAY, FL",meters
8729943,"HURST HAMMOCK, PERDIDO RIVER",30.4583,-87.4083,1.281,0.254,0.246,0.139,0.127,0.134,0.032,0.014,1983-2001,07/01/1977 - 07/31/1977,"8729962 NIX POINT, PERDIDO BAY, FL",meters
8729949,NORTH PERDIDO RIVER,30.5233,-87.4433,1.034,0.283,0.273,0.16,0.151,0.157,0.046,0.03,1983-2001,04/01/1977 - 07/31/1977,"8729962 NIX POINT, PERDIDO BAY, FL",meters
8729962,"NIX POINT, PERDIDO BAY",30.3933,-87.425,1.059,0.23,0.226,0.12,0.117,0.121,0.015,0.012,1983-2001,06/01/1973 - 05/31/1978,"8729840 Pensacola, FL",meters
8729974,"PERDIDO KEY, OLD  RIVER",30.3,-87.4483,1.15,0.239,0.231,0.109,0.107,0.108,-0.001,-0.008,1983-2001,02/01/1994 - 03/31/1994,"8729840 Pensacola, FL",meters
